tconst,primaryTitle,startYear,genres,runtimeMinutes,averageRating,numVotes,ProductionBudget,BoxOffice,Awards,PlotKeywords,ProductionStudio,Country,Metascore,tomatoRating,tomatoUserRating,Rated,Rating
tt9826914,Rebirth,2019,Horror,\N,0.0,0.0,,,,,,N/A,N/A,N/A,N/A,N/A,N/A
tt9826936,Leap of Faith,2019,Horror,\N,0.0,0.0,,,,,,N/A,N/A,N/A,N/A,N/A,N/A
tt9826944,The Final Goodbye,2019,Horror,\N,0.0,0.0,,,,,,N/A,N/A,N/A,N/A,N/A,N/A
tt9826952,Aliens: Roguelike,2007,"Horror,Sci-Fi",\N,0.0,0.0,,,,,,N/A,N/A,N/A,N/A,N/A,N/A
tt9827238,Meth Crabs,2016,"Horror,Short",\N,0.0,0.0,,,,,,United States,N/A,N/A,N/A,N/A,N/A
tt9827526,The Springfield Three,2019,"Horror,Short",30,4.3,40.0,,,8 wins & 8 nominations,"Based on the 1992 disappearance, three women driving out of town to start a new life and escape their old one, horrifically encounter their inevitable fates.",,United States,N/A,N/A,N/A,N/A,4.5
tt9827752,Episode #1.8,\N,Horror,\N,0.0,0.0,,,,,,N/A,N/A,N/A,N/A,N/A,N/A
tt9827776,The Haunting of Anaya,\N,Horror,\N,0.0,0.0,,,,,,N/A,N/A,N/A,N/A,N/A,N/A
tt9827876,The Creepypasta Episodes,2012,Horror,\N,7.0,10.0,,,,A horror anthology series that adapts Creepypastas into short films.,,United States,N/A,N/A,N/A,N/A,6.2
tt9828164,Horror Talk with Kristin West: Scream Princess Sanae Loutsis,2019,Horror,\N,0.0,0.0,,,,"The young ladies of horror are our future which is why we are chatting up teen scream queen Sanae Loutsis for Women in Horror month. Kristin West hosts this chat with this caring, ...",,N/A,N/A,N/A,N/A,N/A,N/A
tt9828254,Ghost Master,2019,Horror,88,5.4,105.0,"$6,136","$6,136",1 win,A discriminated assistant director decides to remake a bran-new love movie. But the contingently-rewritten script awakens real ghost which possesses the actor and and causes death of field personnel.,,Japan,N/A,N/A,N/A,N/A,5.4
tt9828758,The Creepypasta,2012,Horror,\N,0.0,0.0,,,,A horror anthology series that adapts internet horror stories known as Creepypastas into short films.,,USA,N/A,N/A,N/A,N/A,N/A
tt9828762,Scary Monsters Magazine Presents,2016,"Horror,Sci-Fi,Talk-Show",2,0.0,0.0,,,,"Dr. Gangrene presents a sneak peek at upcoming issues of Scary Monsters Magazine, Scary, and Monster Memories.",,USA,N/A,N/A,N/A,N/A,N/A
tt9828814,MatiAnak,2019,Horror,85,6.1,135.0,,,,"Since a new kid arrives at an orphanage, weird things started to happen.",,Indonesia,N/A,N/A,N/A,Not Rated,6.1
tt9828982,Scary Monsters Magazine #103,2016,"Horror,Sci-Fi,Talk-Show",\N,0.0,0.0,,,,Dr. Gangrene presents a sneak peek at upcoming issue of Scary Monsters Magazine #103.,,N/A,N/A,N/A,N/A,N/A,N/A
tt9829002,Monster Memories 24 & 25,2017,"Horror,Sci-Fi,Talk-Show",2,0.0,0.0,,,,Dr. Gangrene presents a sneak peek at upcoming double issue of Scary Monsters Magazine presents Monster Memories issue 24 and 25.,,N/A,N/A,N/A,N/A,N/A,N/A
tt9829346,Scary Monsters Magazine #104,2017,"Horror,Sci-Fi,Talk-Show",2,0.0,0.0,,,,Dr. Gangrene presents a sneak peek at upcoming issue of Scary Monsters Magazine #104.,,N/A,N/A,N/A,N/A,N/A,N/A
tt9829398,Scary Monsters Magazine #105,2017,"Horror,Sci-Fi,Talk-Show",2,0.0,0.0,,,,Dr. Gangrene presents a sneak peek at upcoming issue of Scary Monsters Magazine #105.,,N/A,N/A,N/A,N/A,N/A,N/A
tt9829414,Scary Monsters Magazine #106,2017,"Horror,Sci-Fi,Talk-Show",2,0.0,0.0,,,,Dr. Gangrene presents a sneak peek at upcoming issue of Scary Monsters Magazine #106.,,N/A,N/A,N/A,N/A,N/A,N/A
tt9829452,Scary Monsters Magazine #107,2017,"Horror,Sci-Fi,Talk-Show",3,0.0,0.0,,,,Dr. Gangrene presents a sneak peek at upcoming issue of Scary Monsters Magazine #107.,,N/A,N/A,N/A,N/A,N/A,N/A
tt9829464,Monsters Memories #26,2018,"Horror,Sci-Fi,Talk-Show",2,0.0,0.0,,,,Dr. Gangrene presents a sneak peek at upcoming issue of Scary Monsters Magazine presents Monster Memories issue 26.,,N/A,N/A,N/A,N/A,N/A,N/A
tt9829472,Scary Monsters Magazine #108,2018,"Horror,Sci-Fi,Talk-Show",3,0.0,0.0,,,,Dr. Gangrene presents a sneak peek at upcoming issue of Scary Monsters Magazine #108.,,N/A,N/A,N/A,N/A,N/A,N/A
tt9829482,Scary Monsters Magazine #109,2018,"Horror,Sci-Fi,Talk-Show",3,0.0,0.0,,,,Dr. Gangrene presents a sneak peek at upcoming issue of Scary Monsters Magazine #109.,,N/A,N/A,N/A,N/A,N/A,N/A
tt9829494,Scary #5,2018,"Horror,Sci-Fi,Talk-Show",2,0.0,0.0,,,,"Dr. Gangrene presents a sneak peek at upcoming issue of Scary #5, Summer Special.",,N/A,N/A,N/A,N/A,N/A,N/A
tt9829512,Scary Monsters Magazine #110,2018,"Horror,Sci-Fi,Talk-Show",2,0.0,0.0,,,,Dr. Gangrene presents a sneak peek at upcoming issue of Scary Monsters Magazine #110 - Halloween Special.,,N/A,N/A,N/A,N/A,N/A,N/A
tt9829520,Scary Monsters Magazine #111,2018,"Horror,Sci-Fi,Talk-Show",3,0.0,0.0,,,,Dr. Gangrene presents a sneak peek at upcoming issue of Scary Monsters Magazine #111.,,N/A,N/A,N/A,N/A,N/A,N/A
tt9829528,Monsters Memories #27,2019,"Horror,Sci-Fi,Talk-Show",3,0.0,0.0,,,,Dr. Gangrene presents a sneak peek at upcoming issue of Scary Monsters Magazine presents Monster Memories issue 27.,,N/A,N/A,N/A,N/A,N/A,N/A
tt9830882,Grocery List,2012,Horror,\N,0.0,0.0,,,,"A man, going for a jog, gets a call from his mother to pick up a few things. After a few odd occurrences, he makes his way home. But soon finds out that his mother has been murdered.",,N/A,N/A,N/A,N/A,N/A,N/A
tt9831118,The Demented Director,2018,Horror,\N,0.0,0.0,,,,,,USA,N/A,N/A,N/A,N/A,N/A
tt9831130,Eyeless Jack,2013,Horror,\N,0.0,0.0,,,,"After their mother dies, Mitch moves in with Edwin and recalls memories about an old childhood monster known as Eyeless Jack.",,N/A,N/A,N/A,N/A,N/A,N/A
tt9831136,The Banana Splits Movie,2019,"Comedy,Horror,Thriller",89,5.1,4829.0,,,,Young Harley is having a dream birthday; he and his family are going to watch the taping of his favourite show. But the dream becomes a nightmare when the animatronic stars turn homicidal.,,United States,N/A,N/A,N/A,R,5.1
tt9831248,Barbie.avi,2014,Horror,\N,0.0,0.0,,,,"A man finds a broken laptop at a party and decides to take it home. There, he finds a bizarre video of a crying woman known simply as ""Barbie"".",,N/A,N/A,N/A,N/A,N/A,N/A
tt9831636,Hide 'n Seek,\N,"Comedy,Horror",\N,0.0,0.0,,,,,,N/A,N/A,N/A,N/A,N/A,N/A
tt9831980,Running Out of Rain,2019,"Horror,Short",\N,0.0,0.0,,,,Zilla must face her severe depression and anxiety head on.,,United States,N/A,N/A,N/A,N/A,N/A
tt9831998,Imagine a World,2019,"Horror,Short",15,6.1,54.0,,,6 wins & 12 nominations,Two siblings are visited by a salesman who refuses to leave their house until he's made his sale.,,Canada,N/A,N/A,N/A,N/A,6.0
tt9832098,Tulpa,2014,Horror,\N,0.0,0.0,,,,A young boy finds himself a small job in a makeshift lab. His only goal is to visualize an imaginary double of himself known as a Tulpa. But things start to get weird when the Tulpa starts showing signs of free will.,,N/A,N/A,N/A,N/A,N/A,N/A
tt9832116,Social Experiment,2015,Horror,\N,0.0,0.0,,,,"A man gets incredibly sick and is sent home from work. There, he passes out and wakes up in a mysterious room where an unknown man tells him that he is going to be sent off to fight a huge inter-dimensional war.",,N/A,N/A,N/A,N/A,N/A,N/A
tt9832136,Knob.exe,2015,Horror,\N,0.0,0.0,,,,A young woman finds a flash drive in her new apartment. She finds a strange game in the drive and the creature that may or may not reside in it.,,N/A,N/A,N/A,N/A,N/A,N/A
tt9832166,Gateway of the Mind,2015,Horror,\N,0.0,0.0,,,,A scientist enlists the help of a depressed man to conduct a secret experiment in order to gain contact with God.,,N/A,N/A,N/A,N/A,N/A,N/A
tt9832234,A Horrible Way to Die (2010),2019,"Comedy,Horror,Talk-Show",\N,0.0,0.0,,,,,,N/A,N/A,N/A,N/A,N/A,N/A
tt9832476,Silent Hill: The Arcade,2007,"Action,Horror",\N,6.1,28.0,,,,,,N/A,N/A,N/A,N/A,N/A,N/A
tt9832482,Wildest Dreams,2013,"Horror,Short",12,0.0,0.0,,,,Two stoners try a new hallucinogenic drug from their dealer and one of them begins having visions of murderous clowns.,,United States,N/A,N/A,N/A,N/A,N/A
tt9832508,Silent Hill: Play Novel,2001,"Adventure,Horror",\N,4.2,15.0,,,,,,N/A,N/A,N/A,N/A,N/A,N/A
tt9832524,TÜR,2016,"Horror,Short",\N,0.0,0.0,,,,,,Spain,N/A,N/A,N/A,N/A,N/A
tt9832974,Seraphim,2019,"Horror,Short",\N,0.0,0.0,,,,,,USA,N/A,N/A,N/A,N/A,N/A
tt9832984,Table Manners,2013,"Horror,Short",14,0.0,0.0,,,,,,United States,N/A,N/A,N/A,N/A,N/A
tt9833290,The Midnight Game,2015,Horror,\N,0.0,0.0,,,,Three friends play an infamous ritual and suffer the consequences.,,N/A,N/A,N/A,N/A,N/A,N/A
tt9833300,Psychosis,2015,Horror,\N,0.0,0.0,,,,"After moving into her new apartment, an agoraphobic woman starts to wonder why she hasn't seen anyone in the past few days.",,N/A,N/A,N/A,N/A,N/A,N/A
tt9833326,Benedictine the Mad Monk,1989,"Drama,Fantasy,Horror",\N,0.0,0.0,,,,"A hosted horror movie show with Phil Valentine as ""Benedictine - The Mad Monk"" screened on Friday nights on WZTV Channel 17 in Nashville for about three weeks during 1989. Benedictine was assisted by ""Red Skeleton"" who screened th...",,United States,N/A,N/A,N/A,N/A,N/A
tt9833400,Taste the Blood of Dracula,1989,"Drama,Fantasy,Horror",\N,0.0,0.0,,,,"""Taste the Blood of Dracula"" concerns the story of three English gentlemen who accidentally resurrect Count Dracula; and their killing one of the Count's disciples. The Count seeks his revenge.",,N/A,N/A,N/A,N/A,N/A,N/A
tt9833406,The Cold Open,2019,"Comedy,Horror,Short",4,6.3,160.0,,,,Aubrey Plaza leads a satanic cult of actresses in a sacrificial offering to preserve the integral values of independent cinema. Opening skit for the 2019 Film Independent Spirit Awards.,,United States,N/A,N/A,N/A,N/A,6.4
tt9833410,You Shouldn't,2015,Horror,\N,0.0,0.0,,,,,,N/A,N/A,N/A,N/A,N/A,N/A
tt9833554,Drip Drip Drip,2018,"Animation,Horror,Short",5,0.0,0.0,,,,,,Canada,N/A,N/A,N/A,N/A,N/A
tt9834000,Untitled Horror Project,\N,"Drama,Horror,Thriller",\N,0.0,0.0,,,,,,N/A,N/A,N/A,N/A,N/A,N/A
tt9834502,2032,2019,"Action,Horror,Short",\N,2.0,6.0,,,,"It's the year 2032 after a deadly virus spread worldwide killing millions of people. Nick and Kate, a courageous young couple, receive a broadcast signal from an unharmed safe haven, but the infected are on their trail.",,United Kingdom,N/A,N/A,N/A,N/A,N/A
tt9834506,Post Mortem,2020,"Horror,Mystery,Thriller",115,5.5,3571.0,,,27 wins & 24 nominations,A post mortem photographer and a little girl confront ghosts in a haunted village after the First World War.,,Hungary,N/A,N/A,N/A,Not Rated,5.5
tt9834680,"BFF, Naked, and Afraid",2017,"Horror,Short",9,0.0,0.0,,,,,,United States,N/A,N/A,N/A,N/A,N/A
tt9835682,El payaso de Satán,2019,Horror,62,0.0,0.0,,,,"The Clown of Satan is a movie about the life of Paul, a guy who sees as supposedly his parents leave a time alone with a strange kangaroo, who has the mania to dress as a clown.",,Spain,N/A,N/A,N/A,N/A,N/A
tt9837084,The Exclusion Zone,2019,"Horror,Short",\N,0.0,0.0,,,,,,United Kingdom,N/A,N/A,N/A,N/A,N/A
tt9837130,Weston,2018,Horror,14,6.6,11.0,,,,"[Season 1, Episode 9] A former deputy sheriff in Dark County struggles to make sense out of this unusual place, and the hold it has on him. Former Deputy Weston begins to question what is real, and what is not real, as he struggles w",,N/A,N/A,N/A,N/A,N/A,N/A
tt9837298,Gusto,2018,"Comedy,Horror,Reality-TV",15,0.0,0.0,,,,Brooklyn based band Foxanne drops by the studio for a rehearsal with pop legend Gene Baker. Gene quickly discovers that Foxanne has much to learn before they begin selling out shows. Will Gene be able to fix their sound?,,N/A,N/A,N/A,N/A,N/A,N/A
tt9837348,River Road,2019,"Horror,Short",15,0.0,0.0,,,,Three teens on Halloween happen upon a creepy clown.,,United States,N/A,N/A,N/A,N/A,N/A
tt9837526,Pick a Card,2016,"Horror,Short",3,0.0,0.0,,,,,,United States,N/A,N/A,N/A,N/A,N/A
tt9837590,NoEnd House,2015,Horror,\N,0.0,0.0,,,,"A young girl goes to explore this legendary house that, if you reach the end, you get $500. But she learns that the money may not be worth it.",,N/A,N/A,N/A,N/A,N/A,N/A
tt9837624,You Belong to Me,2015,Horror,\N,0.0,0.0,,,,A high school kid falls in love with the new kid and has to fight her best friend over who gets the boy.,,N/A,N/A,N/A,N/A,N/A,N/A
tt9837636,Slenderman: Origins,2015,Horror,\N,0.0,0.0,,,,Two scientists believe that they can tap into supernatural powers through various tests on a man. Not knowing that they are creating a monster.,,N/A,N/A,N/A,N/A,N/A,N/A
tt9837678,Dog Days: The Next Day,2017,"Horror,Short",5,0.0,0.0,,,,,,N/A,N/A,N/A,N/A,N/A,N/A
tt9837790,The Bridge,2017,"Horror,Short",5,0.0,0.0,,,,,,USA,N/A,N/A,N/A,N/A,N/A
tt9837852,Försvunnen,2013,"Horror,Short",3,0.0,0.0,,,,,,Sweden,N/A,N/A,N/A,N/A,N/A
tt9837888,Case: 517,2019,"Horror,Short",13,0.0,0.0,,,,"The paranormal group ""Driftwood Paranormal"" is searching for answers about the missing people last scene near the infamous Bailey House on Misty Lane. Join the group on their last video ...",,USA,N/A,N/A,N/A,N/A,N/A
tt9838044,The Test Results,2016,"Horror,Short",3,0.0,0.0,,,,,,United States,N/A,N/A,N/A,N/A,N/A
tt9838092,Humbaba,\N,Horror,\N,0.0,0.0,,,,,,N/A,N/A,N/A,N/A,N/A,N/A
tt9838216,Sinister,2018,"Horror,Short,Thriller",\N,0.0,0.0,,,,Neil Henderson is an average man with a troubled past. He lost his wife in a very gruesome way. He doesn't know what happened or why his wife is dead. His past uncovers as he begins to witness a demon figure which he created in his m,,United States,N/A,N/A,N/A,N/A,N/A
tt9838598,Portrait,2018,"Drama,Horror,Short",8,0.0,0.0,,,3 wins & 2 nominations,"Aspiring model Elisha, lands a mysterious casting for the notorious artist Alexander. As the pressures of the cut-throat competition intensify Elisha's mind unleashes a darker side of herself that is starving for success and will car",,Australia,N/A,N/A,N/A,N/A,N/A
tt9838600,Camcorder,2015,Horror,\N,0.0,0.0,,,,A man buys a used Camcorder on eBay that contains a tape which changes his life for good.,,N/A,N/A,N/A,N/A,N/A,N/A
tt9838616,1Dollar.wav,2015,Horror,\N,0.0,0.0,,,,"After buying a laptop on eBay, a man gets a nasty computer virus that will change his life forever.",,N/A,N/A,N/A,N/A,N/A,N/A
tt9838636,Containment: Part 1,2016,Horror,\N,0.0,0.0,,,,"Residents of Palmer, Washington find themselves in a strange house that doesn't seem to end. As they progress, they learn that they may have more in common than they thought.",,N/A,N/A,N/A,N/A,N/A,N/A
tt9838654,Containment: Part 2,2016,Horror,\N,0.0,0.0,,,,,,N/A,N/A,N/A,N/A,N/A,N/A
tt9838712,The Unnamable,2016,Horror,\N,0.0,0.0,,,,"Two friends go out in the woods and discuss the possibility of an indescribable creature, unaware that something might lurk in the shadows.",,N/A,N/A,N/A,N/A,N/A,N/A
tt9838980,Vampire Clay 2,2019,Horror,100,5.2,20.0,,,,"Kakame, the possessed clay monster begins terrorizing the people again.",,Japan,N/A,N/A,N/A,N/A,5.7
tt9839012,The Vessel,\N,Horror,\N,0.0,0.0,,,,,,N/A,N/A,N/A,N/A,N/A,N/A
tt9839544,Knock,2019,"Horror,Short,Thriller",21,0.0,0.0,,,,What is the boundary between attention and apathy?,,South Korea,N/A,N/A,N/A,N/A,N/A
tt9840076,Czwarta tasma,2019,"Horror,Mystery",\N,0.0,0.0,,,,,,N/A,N/A,N/A,N/A,N/A,N/A
tt9840886,Poltergeist 3,2018,Horror,\N,0.0,0.0,,,,,,N/A,N/A,N/A,N/A,N/A,N/A
tt9842226,Children of GOD,\N,Horror,\N,0.0,0.0,,,,,,N/A,N/A,N/A,N/A,N/A,N/A
tt9842572,V O I D G A Z E R,2021,"Horror,Sci-Fi,Short",\N,0.0,0.0,,,,"In the year 2246 AD, a lone tugboat pilot is sent to an abandoned cargo ship called ""The Vercingetorix"". He finds something horrifying inside.",,United States,N/A,N/A,N/A,N/A,N/A
tt9842792,FUN.,2020,Horror,\N,0.0,0.0,,,2 nominations,"In a desperate attempt to rekindle their marriage, Abby and Sam escape to a quaint bed and breakfast in the middle of nowhere - only to find their marriage isn't the only thing they will be fighting to keep alive.",,N/A,N/A,N/A,N/A,N/A,N/A
tt9842842,Spökhuset,2010,"Horror,Short",7,0.0,0.0,,,,,,Sweden,N/A,N/A,N/A,N/A,N/A
tt9842858,8-Ball,2017,"Horror,Short",2,0.0,0.0,,,,"In a time of frustration, a simple wish brings out true darkness.",,United States,N/A,N/A,N/A,N/A,N/A
tt9842870,Ligação Vermelha,2018,"Horror,Mystery,Short",13,0.0,0.0,,,,The night of an isolated woman is shaken with the arrival of a mysterious red telephone.,,Portugal,N/A,N/A,N/A,N/A,N/A
tt9843016,The Doll with the Lifelike Eyes,2016,Horror,\N,0.0,0.0,,,,,,N/A,N/A,N/A,N/A,N/A,N/A
tt9843020,Piata tasma,2019,"Horror,Mystery",\N,0.0,0.0,,,,,,N/A,N/A,N/A,N/A,N/A,N/A
tt9843050,Candle Cove,2016,Horror,\N,0.0,0.0,,,,"Four friends reminisce over an old TV show they used to watch called ""Candle Cove"". But as they start to remember more, they realize that it might not be as child-friendly as they remembered.",,N/A,N/A,N/A,N/A,N/A,N/A
tt9843086,The Dying Room,\N,"Comedy,Horror,Thriller",\N,0.0,0.0,,,,,,N/A,N/A,N/A,N/A,N/A,N/A
tt9843092,Haunted High,2019,Horror,\N,0.0,0.0,,,,,,N/A,N/A,N/A,N/A,N/A,N/A
tt9843100,Son of the Dawn,2023,Horror,\N,0.0,0.0,,,,A family in rural Pennsylvania descend into madness as they are torn apart by supernatural events which have been influencing their ancestral bloodline since the dawn of time.,,United States,N/A,N/A,N/A,N/A,N/A
tt9843148,El-Cinnia,\N,"Horror,Mystery,Thriller",90,0.0,0.0,,,,,,N/A,N/A,N/A,N/A,N/A,N/A
tt9843172,Seytanla 24 saat,2019,Horror,88,0.0,0.0,,,,,,Turkey,N/A,N/A,N/A,N/A,N/A
tt9843242,Slayer Paris,2008,"Action,Horror",42,8.1,18.0,,,,"Slayer Paris see's a young ""Chosen"" girl fighting the forces of darkness lead by villainous vampires and witches.",,USA,N/A,N/A,N/A,N/A,6.2
tt9843320,The Bad Trip,2019,"Horror,Short",20,0.0,0.0,,,,A troubled musician devolves into madness as he seeks inspiration for his new album.,,United States,N/A,N/A,N/A,N/A,N/A
tt9843390,VampyrZ on a Boat,2022,Horror,\N,4.9,32.0,,,,"Sara and Max's new whirlwind romance is interrupted by a vampire outbreak on a medical research ship. Max will stop at nothing to get back the girl of his dreams, even if it means several heads will roll.",,United States,N/A,N/A,N/A,N/A,5.2
tt9843574,Sanction,2016,"Horror,Short",\N,0.0,0.0,,,,,,United States,N/A,N/A,N/A,N/A,N/A
tt9843598,Devotion,2019,"Drama,Horror,Mystery",\N,8.0,115.0,,,,Devotion is a first-person atmospheric horror game depicting the life of a family shadowed by religious belief.,,Taiwan,N/A,N/A,N/A,M,8.0
tt9843624,Paragenex,\N,"Action,Horror,Sci-Fi",\N,0.0,0.0,,,,,,N/A,N/A,N/A,N/A,N/A,N/A
tt9843710,Glimpse,2019,"Horror,Short",\N,6.8,9.0,,,,Ever feel like your eyes are playing tricks on you? Maybe best to take another peek.,,United States,N/A,N/A,N/A,N/A,7.5
tt9844000,Episode #1.1,\N,"Action,Horror,Sci-Fi",\N,0.0,0.0,,,,,,N/A,N/A,N/A,N/A,N/A,N/A
tt9844046,Trespassers,2019,"Horror,Short",12,5.5,15.0,,,,"Ben and Lucy are siblings who are travelling interstate to visit their parents. When their car breaks down on a desolate rural road, they are forced to seek help at a nearby farming estate. Cut off from the outside world, they soo...",,Australia,N/A,N/A,N/A,N/A,5.5
tt9844058,Sister,\N,"Horror,Short",\N,0.0,0.0,,,,,,N/A,N/A,N/A,N/A,N/A,N/A
tt9844068,Terence C. Stanley's Aberration,2019,"Horror,Short",15,0.0,0.0,,,,"Terrell Cyrus is documenting 'Game Night' with the guys...but he's seeing something in his phone that he's not seeing in real life. Winter 2019, be careful what you record.",,United States,N/A,N/A,N/A,N/A,N/A
tt9844218,My Nightmare,2016,Horror,\N,0.0,0.0,,,,A girl's nightmares begin to come to life as she grows more worried of a mysterious man who seems to be stalking her in her sleep.,,N/A,N/A,N/A,N/A,N/A,N/A
tt9844244,Black Dog,2019,"Horror,Short",\N,0.0,0.0,,,,,,Australia,N/A,N/A,N/A,N/A,N/A
tt9844356,Stalag III-C,2021,"Horror,Short",13,7.3,7.0,,,4 wins & 4 nominations,"In the final days of World War II, US paratrooper Joe Boyd leads a daring escape from a Nazi POW camp, only to face a more horrifying evil beyond the prison walls.",,N/A,N/A,N/A,N/A,N/A,N/A
tt9844358,Satsujinki o kau onna,2019,Horror,82,4.9,333.0,,,,"When Kyoko was a child her stepfather sexually abused her. She took refuge in the world of fantasy and multiple personalities. Kyoko has three flat-mates now one of whom is a lesbian who is into Kyoko. In turn, Kyoko is beginning ...",,Japan,N/A,N/A,N/A,N/A,4.9
tt9844522,Escape Room: Tournament of Champions,2021,"Action,Adventure,Horror",88,5.7,61505.0,"$25,314,753","$25,314,753",1 win,"Six people unwillingly find themselves locked in another series of escape rooms, slowly uncovering what they have in common to survive. Joining forces with two of the original survivors, they soon discover they've all played the g...",,"United States, South Africa, Hungary, Canada",48,N/A,N/A,PG-13,5.7
tt9844596,Eresis,\N,Horror,90,0.0,0.0,,,,,,N/A,N/A,N/A,N/A,N/A,N/A
tt9844830,Gastens Kärra,2011,"Horror,Short",30,0.0,0.0,,,,"A wanderer stays the night at an inn, and encounters a ghostly apparition.",,Sweden,N/A,N/A,N/A,N/A,N/A
tt9844916,The Saga of Psycho Girl,2019,"Horror,Short",4,0.0,0.0,,,,,,N/A,N/A,N/A,N/A,N/A,N/A
tt9845040,Spores,2018,"Horror,Short",12,0.0,0.0,,,3 wins.,A woman moves into a new apartment but something sinister is growing on the wall. She tries to fight it but it slowly consumes her.,,Norway,N/A,N/A,N/A,N/A,N/A
tt9845114,The Bus to Hell,2020,"Horror,Short",20,0.0,0.0,,,,Several strangers go on a discounted bus ride to Charleston for various reasons not knowing that someone or something is out there waiting to kill them.,,USA,N/A,N/A,N/A,N/A,N/A
tt9845158,Deer In Headlights,2019,"Horror,Short",10,0.0,0.0,,,,A hitchhiking serial killer hitches a ride with a preacher.,,N/A,N/A,N/A,N/A,N/A,N/A
tt9845208,Scrimshaw,2019,"Horror,Short",36,0.0,0.0,,,,"Shipwrecked in the frigid north Atlantic, Nathaniel Johnston, a young whaler, finds himself in a situation that goes from bad to absolutely terrifying, as he survives alone upon the open ocean.",,USA,N/A,N/A,N/A,Not Rated,N/A
tt9845776,Love,2018,"Comedy,Fantasy,Horror",2,0.0,0.0,,,,A dark romantic tale about a woman and her dog.,,United Kingdom,N/A,N/A,N/A,N/A,N/A
tt9846276,Domestic,2019,"Horror,Short",12,0.0,0.0,,,,A new home and a new job are the least of Jason's worries. The constant racket from his neighbors has kept him up for days. But sometimes it's best to stay uninvolved.,,United States,N/A,N/A,N/A,N/A,N/A
tt9846620,"Run Away, Rue",2018,"Animation,Fantasy,Horror",10,0.0,0.0,,,,"Run Away, Rue tells the story of a girl whose extremely heavy menstrual cycle forces her to confront her fear and anxiety, which manifest in haunting hallucinations caused by blood loss.",,United States,N/A,N/A,N/A,N/A,N/A
tt9846806,January 2019 Horror Pack Unboxing! - Horror Movie Subscription Box,2019,"Comedy,Horror,Talk-Show",\N,0.0,0.0,,,,,,N/A,N/A,N/A,N/A,N/A,N/A
tt9847478,Isolated,2019,"Drama,Fantasy,Horror",\N,0.0,0.0,,,,"When Jamie wakes up in a forest. He begins to feel isolated and is soon determined to find out why and who put him in the forest in the first place, not knowing what is lurking behind him - in the shadows.",,UK,N/A,N/A,N/A,N/A,N/A
tt9848272,Paranoia,2016,Horror,\N,0.0,0.0,,,,,,N/A,N/A,N/A,N/A,N/A,N/A
tt9848320,Mabaya,\N,Horror,\N,0.0,0.0,,,,,,N/A,N/A,N/A,N/A,N/A,N/A
tt9848394,Holy Ground (excerpt),\N,"Horror,Short",\N,0.0,0.0,,,,,,N/A,N/A,N/A,N/A,N/A,N/A
tt9848400,The Silence Of Running Water,2019,"Horror,Short",\N,6.4,14.0,,,,A woman finds a haunted record that sucks up all sounds.,,United Kingdom,N/A,N/A,N/A,N/A,7.2
tt9848476,Episode #1.1,2019,Horror,\N,0.0,0.0,,,,,,N/A,N/A,N/A,N/A,N/A,N/A
tt9848544,Solid Venom,2025,"Fantasy,Horror",\N,0.0,0.0,,,2 wins & 3 nominations,"Dracula returns to the small Yorkshire coastal town of Whitby, bringing with him the war that rages between Heaven and Hell.",,United Kingdom,N/A,N/A,N/A,N/A,N/A
tt9848664,Yancey,2019,"Drama,Horror,Music",3,0.0,0.0,,,,"A music video for the song ""yancey"" by songeur and a tribute to a musical legend.",,N/A,N/A,N/A,N/A,N/A,N/A
tt9848806,Breaking and Entering,2019,"Crime,Horror,Short",\N,0.0,0.0,,,,,,United States,N/A,N/A,N/A,N/A,N/A
tt9848818,Infirmity Teaser,2017,"Action,Horror,Short",\N,0.0,0.0,,,,,,United States,N/A,N/A,N/A,N/A,N/A
tt9848864,Killer Morning,2013,"Horror,Mystery,Short",\N,0.0,0.0,,,,,,United Kingdom,N/A,N/A,N/A,N/A,N/A
tt9848944,Episode #1.2,\N,"Action,Horror,Sci-Fi",\N,0.0,0.0,,,,,,N/A,N/A,N/A,N/A,N/A,N/A
tt9848946,Aruakh,2018,"Drama,Horror",82,6.2,12.0,,,1 win,"In the boundless Kazakh steppe, the old man Agatay lives in a house on a hill. His beloved wife has died long ago, they had no children, and there are no relatives left. But Agatay doesn't rest: his life is full of worries and wor...",,Kazakhstan,N/A,N/A,N/A,N/A,N/A
tt9849198,The Contractors,2014,"Comedy,Horror,Short",8,0.0,0.0,,,1 win & 1 nomination,,,United States,N/A,N/A,N/A,N/A,N/A
tt9849304,CampFire the Awakening,\N,"Horror,Mystery,Sci-Fi",\N,0.0,0.0,,,,,,N/A,N/A,N/A,N/A,N/A,N/A
tt9849656,Bad Resolution,2019,"Horror,Short",7,0.0,0.0,,,,"New Years Eve is all about Bad Resolutions most people never intend to keep. Betty however, is not like most people - And her Resolution is Evil.",,United States,N/A,N/A,N/A,N/A,N/A
tt9849660,Pretorius/Steinauer Horror Film,\N,Horror,\N,0.0,0.0,,,,,,N/A,N/A,N/A,N/A,N/A,N/A
tt9849934,Broken,\N,"Horror,Thriller",\N,0.0,0.0,,,,,,N/A,N/A,N/A,N/A,N/A,N/A
tt9849942,Episode #1.23,2019,Horror,\N,0.0,0.0,,,,,,N/A,N/A,N/A,N/A,N/A,N/A
tt9849944,Episode #1.24,2019,Horror,\N,0.0,0.0,,,,,,N/A,N/A,N/A,N/A,N/A,N/A
tt9849984,Demoniac,2019,Horror,61,0.0,0.0,,,,A man comes to the slow and terrifying realization that he is possessed.,,USA,N/A,N/A,N/A,N/A,N/A
tt9850150,Episode #1.3,2019,Horror,\N,0.0,0.0,,,,,,N/A,N/A,N/A,N/A,N/A,N/A
tt9850172,Episode #1.4,2019,Horror,\N,0.0,0.0,,,,,,N/A,N/A,N/A,N/A,N/A,N/A
tt9850180,Episode #1.5,2019,Horror,\N,0.0,0.0,,,,,,N/A,N/A,N/A,N/A,N/A,N/A
tt9850184,Episode #1.6,2019,Horror,\N,0.0,0.0,,,,,,N/A,N/A,N/A,N/A,N/A,N/A
tt9850188,Episode #1.7,2019,Horror,\N,0.0,0.0,,,,,,N/A,N/A,N/A,N/A,N/A,N/A
tt9850512,Episode #1.8,2019,Horror,\N,0.0,0.0,,,,,,N/A,N/A,N/A,N/A,N/A,N/A
tt9850514,Episode #1.9,2019,Horror,\N,0.0,0.0,,,,,,N/A,N/A,N/A,N/A,N/A,N/A
tt9850516,Episode #1.10,2019,Horror,\N,0.0,0.0,,,,,,N/A,N/A,N/A,N/A,N/A,N/A
tt9851810,Dodji po mene,\N,"Horror,Thriller",\N,0.0,0.0,,,,,,N/A,N/A,N/A,N/A,N/A,N/A
tt9852542,Lunchtime Surprise!,2011,"Fantasy,Horror,Short",1,0.0,0.0,,,,A group lunch gets a shocking twist.,,United States,N/A,N/A,N/A,N/A,N/A
tt9853030,Present,2018,"Horror,Short",11,0.0,0.0,,,,"James, forever the practical joker, tampers with his girlfriend's letter to Santa. But this will be one joke he'll never forget.",,United Kingdom,N/A,N/A,N/A,N/A,N/A
tt9853246,Fear Filter,2019,"Horror,Short",4,6.0,165.0,,,,"Leah is looking for the perfect filter to send her crush, until the app detects an unknown face in the darkness.",,United States,N/A,N/A,N/A,N/A,6.1
tt9853436,El Hospital II: La Noche De Los Portales,2019,Horror,\N,0.0,0.0,,,,,,N/A,N/A,N/A,N/A,N/A,N/A
tt9853740,Night Slashers,1993,"Action,Adventure,Horror",\N,7.4,28.0,,,,,,N/A,N/A,N/A,N/A,N/A,N/A
tt9853790,Attention,2019,"Horror,Short",4,6.8,5.0,,,,"If ever you come across demons, do all you can to ignore them, for they feed on attention.",,United States,N/A,N/A,N/A,N/A,N/A
tt9853870,Day One,2019,"Horror,Short",\N,8.2,8.0,,,,,,Russia,N/A,N/A,N/A,N/A,N/A
tt9854062,Rubber Baby,2015,"Horror,Short",\N,0.0,0.0,,,,,,Spain,N/A,N/A,N/A,N/A,N/A
tt9854130,"Feliz Natal, Sr. Monstro",2019,"Horror,Mystery,Short",13,7.0,13.0,,,,"Inside an abandoned mall, a courageous little girl gets a visit from a weary Santa with plans of his own.",,Portugal,N/A,N/A,N/A,N/A,5.9
tt9854504,Willkommen zu Der Dunkel,2016,Horror,\N,0.0,0.0,,,,,,N/A,N/A,N/A,N/A,N/A,N/A
tt9854546,Melissa the Heartless,2016,Horror,\N,0.0,0.0,,,,,,N/A,N/A,N/A,N/A,N/A,N/A
tt9854560,9/17/10,2016,Horror,\N,0.0,0.0,,,,,,N/A,N/A,N/A,N/A,N/A,N/A
tt9855190,The Altruist,2020,"Comedy,Horror,Sci-Fi",35,6.0,36.0,,,7 wins & 12 nominations,"Two characters are forced to navigate a stark and brutal calculus in hunger, sex, and death when routine facility maintenance veers wildly towards conflict and the instinct for self-preservation.",,United States,N/A,N/A,N/A,N/A,N/A
tt9855498,Lone Wolf,2019,"Horror,Romance,Short",7,8.0,5.0,,,,"Determined to fit in at a sleepover, 15-year-old Sam ignores cruel taunts from mean girl Blair and her growing feelings for Willow, but she can't ignore the strange things happening to her body.",,Australia,N/A,N/A,N/A,N/A,N/A
tt9855714,Beyond the Door,\N,"Horror,Short,Thriller",\N,0.0,0.0,,,,,,N/A,N/A,N/A,N/A,N/A,N/A
tt9855972,Epidemi Kravmärkt,2013,"Horror,Short",5,0.0,0.0,,,,"After consuming contaminated yoghurt, a zombie epidemic spreads through an apartment building.",,Sweden,N/A,N/A,N/A,N/A,N/A
tt9856146,Before Intact,2018,"Horror,Short",3,0.0,0.0,,,,,,France,N/A,N/A,N/A,N/A,N/A
tt9856156,Sechs Schüsse,2019,"Horror,Short",\N,0.0,0.0,,,,,,Germany,N/A,N/A,N/A,N/A,N/A
tt9856556,To Live From The Land,2019,"Drama,Horror,Short",18,0.0,0.0,,,,"To Live from the Land is a dark cinematic parable set long after a time of catastrophic change. A crafted ambiguous glance into a world of dust, decay and degradation. A land inherited by the lost.",,United Kingdom,N/A,N/A,N/A,N/A,N/A
tt9856574,The Spore,2021,Horror,91,3.2,492.0,,,,The lives of ten strangers intersect through a terrifying chain of events as a mutating fungus begins to spread through a small town wiping out everyone that comes into contact with it.,,United States,N/A,N/A,N/A,R,3.1
tt9857900,Dread,2019,"Horror,Short",7,0.0,0.0,,,,"A girl experiences a surreal living nightmare when her best friend vanishes, leaving her alone in the desert",,USA,N/A,N/A,N/A,N/A,N/A
tt9858238,You're Still Here,2019,"Drama,Horror,Sci-Fi",44,6.1,2187.0,,,,"As Alicia struggles to find her new role in the convoy, she's drawn to mysterious artwork. A simple scouting trip is derailed when she and Strand are thrust into a conflict between desperate survivors. Meanwhile, Morgan and Al hit...",,United States,N/A,N/A,N/A,TV-MA,6.1
tt9858244,Ner Tamid,2019,"Drama,Horror,Sci-Fi",41,6.3,2145.0,,,,"In search of a permanent home for the convoy, Charlie is drawn to a synagogue where she encounters a Rabbi surviving on his own. Elsewhere, Sarah and Dwight face unexpected foes.",,United States,N/A,N/A,N/A,TV-MA,6.4
tt9858258,Leave What You Don't,2019,"Drama,Horror,Sci-Fi",44,6.8,2161.0,,,,"Logan's motives are revealed; Sarah, Dwight, and Luciana negotiate for the sake of the mission; Strand and Alicia race to the aid of a new survivor in a familiar place; a dangerous threat emerges.",,United States,N/A,N/A,N/A,TV-MA,6.8
tt9858264,Today and Tomorrow,2019,"Drama,Horror,Sci-Fi",44,6.4,2054.0,,,,"An encounter with a survivor sends Al and Morgan on a mission into a dangerous settlement. There, Al chases a lead while Morgan has an epiphany. Elsewhere, Grace and Daniel make a connection.",,United States,N/A,N/A,N/A,TV-MA,6.4
tt9858272,Channel 5,2019,"Drama,Horror,Sci-Fi",44,5.1,2504.0,,,,"When Virginia makes a statement, Al responds in kind; facing dire circumstances, June leads the search for a new place to call home; with Grace's condition worsening, Morgan makes a tough call.",,United States,N/A,N/A,N/A,TV-MA,N/A
tt9858296,End of the Line,2019,"Drama,Horror,Sci-Fi",51,6.2,2437.0,,,,"Facing an unknown future, Morgan leads the group on a mission; Al puts the pieces together; John and June make a promise.",,United States,N/A,N/A,N/A,TV-MA,6.2
tt9858650,Royal Flesh,2019,"Comedy,Horror,Short",\N,0.0,0.0,,,2 wins & 2 nominations,"At the Class of '87 Prom, three high school princesses' fight for the crown is interrupted by a fight for their lives.",,United States,N/A,N/A,N/A,N/A,N/A
tt9858778,Welcome to Germany - A Cabinet of German Horror,2015,"Comedy,Drama,Horror",80,0.0,0.0,,,,In lederhosen and goatherder hat Germany is resurrected as a cabinet of horrors where Monster Truck leads the audience along the fine line between both the hospitality typical for the ...,,Germany,N/A,N/A,N/A,N/A,N/A
tt9858794,Republic Z,2018,"Adventure,Horror,Thriller",87,4.7,144.0,,,,"Three years after the outbreak of an epidemic, three survivors have to make their way from a shelter in the thick of the woods to the city, in an attempt to save the world.",,Russia,N/A,N/A,N/A,N/A,4.7
tt9858816,Last Night,2013,"Horror,Short",\N,0.0,0.0,,,,,,N/A,N/A,N/A,N/A,N/A,N/A
tt9859162,Cellar Door,2019,"Horror,Mystery,Thriller",\N,0.0,0.0,,,,,,USA,N/A,N/A,N/A,N/A,N/A
tt9859274,Doppelganger,2018,"Horror,Short",\N,0.0,0.0,,,,,,N/A,N/A,N/A,N/A,N/A,N/A
tt9859280,February 2019 Horror Pack Unboxing!,2019,"Comedy,Horror,Talk-Show",\N,0.0,0.0,,,,,,N/A,N/A,N/A,N/A,N/A,N/A
tt9859436,The Walking Dead: The Ones Who Live,2024,"Drama,Horror,Thriller",60,7.9,33347.0,,,,"The love story between Rick and Michonne. Changed by a world that is constantly changing, will they find themselves in a war against the living or will they discover that they too are The Walking Dead?",,United States,N/A,N/A,N/A,TV-MA,7.9
tt9859470,The End of the Hall,2018,"Horror,Short,Thriller",5,0.0,0.0,,,,"When asked to stay late at work, a young woman finds more than she expected at the end of the hall.",,United States,N/A,N/A,N/A,N/A,N/A
tt9859490,Zombies in Zootown,2016,"Adventure,Comedy,Horror",\N,0.0,0.0,,,,,,United States,N/A,N/A,N/A,N/A,N/A
tt9859816,Lunar Loons,\N,Horror,\N,0.0,0.0,,,,,,N/A,N/A,N/A,N/A,N/A,N/A
tt9859854,Mourning Over Munchers,\N,Horror,\N,0.0,0.0,,,,,,N/A,N/A,N/A,N/A,N/A,N/A
tt9859954,The Babysitter Murders,2019,"Horror,Short",\N,0.0,0.0,,,,Michael Myers returns to Haddonfield 40 years later and stalks babysitters until their untimely demise.,,United States,N/A,N/A,N/A,N/A,N/A
tt9860048,Elevator Game,2017,"Horror,Short",16,0.0,0.0,,,,"Five Friends try to go to a party, but in trying to find it, they end up having a night they want to forget.",,United States,N/A,N/A,N/A,N/A,N/A
tt9860152,Charlie,2018,"Horror,Short",\N,0.0,0.0,,,,A student with mental issues gets stuck in a school at night and discovers a world of nightmares. He must learn to survive and escape from not only the school but his mind.,,United States,N/A,N/A,N/A,N/A,N/A
tt9860306,The Doll Cemetery,2017,Horror,\N,0.0,0.0,,,,,,N/A,N/A,N/A,N/A,N/A,N/A
tt9860464,Nona,2019,"Horror,Short",\N,0.0,0.0,,,,A prisoner revisits his past in order to discover the truth about a series of murders.,,USA,N/A,N/A,N/A,N/A,N/A
tt9860532,Sex Demon,2019,"Comedy,Horror,Short",\N,4.4,10.0,,,,"A young couples romantic night gets rudely interrupted when a demon possesses the body of a young woman's boyfriend, and it's up to her (with the help of a wannabe punk kid) to get the demon out of him.",,United States,N/A,N/A,N/A,N/A,N/A
tt9860670,Glowstick,2019,"Horror,Short",11,0.0,0.0,,,,,,United States,N/A,N/A,N/A,N/A,N/A
tt9860696,Infection in Chicago,2019,"Horror,Short",8,0.0,0.0,,,,,,United States,N/A,N/A,N/A,N/A,N/A
tt9860702,Home,\N,"Horror,Sci-Fi,Short",\N,0.0,0.0,,,,,,N/A,N/A,N/A,N/A,N/A,N/A
tt9860708,How Many Likes,2019,"Horror,Short",22,0.0,0.0,,,,,,USA,N/A,N/A,N/A,N/A,N/A
tt9860860,Abduction 101,2019,"Adventure,Horror",77,2.3,252.0,,,,Three beautiful women find a strange house in the woods. They decide to sneak in and see what's going on - They do not expect this nightmare to begin.,,United States,N/A,N/A,N/A,N/A,2.3
tt9861246,Sheets,2017,"Horror,Short",12,0.0,0.0,,,,"Two teenage boys named Evan and Jeff come to the sudden realization after a series of strange happenings that their house is haunted. However, this is no normal haunting as the ghost is what one would consider a stereotypical Hallowe",,United States,N/A,N/A,N/A,N/A,N/A
tt9861358,The Night Shifts,\N,Horror,\N,0.0,0.0,,,,,,N/A,N/A,N/A,N/A,N/A,N/A
tt9861548,Just Crawl,\N,"Horror,Mystery",\N,0.0,0.0,,,,,,N/A,N/A,N/A,N/A,N/A,N/A
tt9861894,The Rake,2017,Horror,\N,0.0,0.0,,,,,,N/A,N/A,N/A,N/A,N/A,N/A
tt9861900,The Eye of Ra,2017,Horror,\N,0.0,0.0,,,,,,N/A,N/A,N/A,N/A,N/A,N/A
tt9861934,Alien: Isolation,2019,"Animation,Horror,Sci-Fi",\N,6.3,411.0,,,,"Fifteen years after her mother disappeared on the deep space towing ship Nostromo, Amanda Ripley travels to a remote space station that may hold clues to her mother's fate. But disaster strikes as she arrives at her destination.",,United States,N/A,N/A,N/A,TV-MA,6.3
tt9863172,Morph Girl,2017,Horror,\N,0.0,0.0,,,,"A Japanese horror inspired FMV game about loss, depression and the supernatural.",,UK,N/A,N/A,N/A,N/A,N/A
tt9863474,Bedtime: A Tale of Terrors,2019,"Horror,Short",12,0.0,0.0,,,,"A boy tries to scare his younger sister by telling her a series of sinister stories before her bedtime. Our story is a halloween-esque student film created in Liverpool, United Kingdom.",,UK,N/A,N/A,N/A,N/A,N/A
tt9863878,Followed,\N,"Drama,Horror,Mystery",\N,0.0,0.0,,,,,,N/A,N/A,N/A,N/A,N/A,N/A
tt9863968,Chapter 1,2008,"Action,Horror",\N,0.0,0.0,,,,,,N/A,N/A,N/A,N/A,N/A,N/A
tt9863994,Episode #1.1,2019,"Animation,Horror,Sci-Fi",10,6.6,43.0,,,,"Fifteen years after her mother disappeared on the deep space towing ship Nostromo, Amanda Ripley travels to a remote space station that may hold clues to her mother's fate. But disaster strikes as she arrives at her destination.",,N/A,N/A,N/A,N/A,N/A,6.9
tt9864012,Episode #1.2,2019,"Animation,Horror,Sci-Fi",10,6.5,38.0,,,,Amanda discovers that the space station Sevastopol is anything but a safe haven. And mechanical failures and violent colonists aren't the only dangers on the facility.,,N/A,N/A,N/A,N/A,N/A,N/A
tt9864030,Episode #1.3,2019,"Animation,Horror,Sci-Fi",10,6.6,37.0,,,,Sevastopol's mystery killer hunts Amanda as she searches for her missing companions.,,N/A,N/A,N/A,N/A,N/A,N/A
tt9864058,Episode #1.4,2019,"Animation,Horror,Sci-Fi",10,6.9,36.0,,,,"Marlow reveals how the alien came to Sevastopol, and Amanda partners with Colonial Marshal Waits to hunt the creature.",,N/A,N/A,N/A,N/A,N/A,N/A
tt9864082,Episode #1.5,2019,"Animation,Horror,Sci-Fi",10,6.5,37.0,,,,"Amanda discovers that Sevastopol's android caretakers have an agenda of their own, and powerful outside forces have put everyone's lives in danger.",,N/A,N/A,N/A,N/A,TV-MA,N/A
tt9864108,Episode #1.6,2019,"Animation,Horror,Sci-Fi",10,6.6,36.0,,,,"With the alien threat multiplying, Amanda pursues Marlow back to his ship, where the salvager reveals one last secret.",,N/A,N/A,N/A,N/A,N/A,N/A
tt9864112,Episode #1.7,2019,"Animation,Horror,Sci-Fi",10,7.3,36.0,,,,Amanda discovers that the alien infestation has grown beyond her worst fears.Her only hope of survival is a shot in the dark.,,N/A,N/A,N/A,N/A,N/A,7.9
tt9864578,An Ungodly Tie,2019,Horror,135,0.0,0.0,,,,"God calls us to love Him with all our soul. Yet we can be enticed away from God by those that are ""as our own soul"" and compromise our full devotion to our Heavenly Father. Such ...",,India,N/A,N/A,N/A,N/A,N/A
tt9864722,Slashing,2011,"Drama,Horror,Short",4,0.0,0.0,,,,A killer has a change of faith after his plans go wrong.,,United States,N/A,N/A,N/A,N/A,N/A
tt9864800,Like Dogs,2021,"Horror,Thriller",94,3.9,1014.0,,,,A behavioral experiment treating humans like animals goes awry when a university student manipulates the research with deadly results.,,United States,N/A,N/A,N/A,N/A,4.0
tt9864908,The B Minus Movie Awards,1998,"Comedy,Drama,Horror",\N,0.0,0.0,,,,,,N/A,N/A,N/A,N/A,N/A,N/A
tt9864928,Abduction Scars,2018,"Horror,Short",\N,0.0,0.0,,,,,,Spain,N/A,N/A,N/A,N/A,N/A
tt9864974,Jacob's Gone,2019,"Drama,Horror",\N,0.0,0.0,,,,,,N/A,N/A,N/A,N/A,N/A,N/A
tt9864980,Sandwich Gown,2019,"Horror,Short",7,0.0,0.0,,,,A surreal montage of abstract vignettes weave a tapestry of growing madness.,,United States,N/A,N/A,N/A,N/A,N/A
tt9865138,The Sixth Sense,2019,"Comedy,Horror,Talk-Show",\N,0.0,0.0,,,,,,N/A,N/A,N/A,N/A,N/A,N/A
tt9865142,The Purge: Election Year,2019,"Comedy,Horror,Talk-Show",\N,0.0,0.0,,,,,,N/A,N/A,N/A,N/A,N/A,N/A
tt9865178,Treasure Maps,2019,"Drama,Horror",\N,0.0,0.0,,,,,,N/A,N/A,N/A,N/A,N/A,N/A
tt9865196,Haunted Hangout: Incident 3,2019,"Drama,Horror",\N,0.0,0.0,,,,,,N/A,N/A,N/A,N/A,N/A,N/A
tt9865212,Transmission,2019,"Drama,Horror",\N,0.0,0.0,,,,,,N/A,N/A,N/A,N/A,N/A,N/A
tt9865224,Across All Distant Stars,2019,"Drama,Horror",\N,0.0,0.0,,,,,,N/A,N/A,N/A,N/A,N/A,N/A
tt9865492,Curse of the Hag,2018,Horror,73,3.0,7.0,,,,"A woman becomes delusional and obsessed with a Wisconsin underground folklore / myth-sploitation ""Nature's Revenge"" story of three mystic ""hags"" haunting the local woods.",,United States,N/A,N/A,N/A,Not Rated,4.4
tt9865508,Lilith's Awakening,2019,"Horror,Short",\N,0.0,0.0,,,,"A young woman, possessed by an evil force goes on a rampage. There are worse ways to die, I suppose.",,United States,N/A,N/A,N/A,N/A,N/A
tt9865554,White Girl,2019,"Horror,Short",13,4.3,143.0,,,2 nominations,"Beth, a fifteen-year-old white girl, is seemingly lost. Over the course of an evening on the streets of East London, her interactions with the city's dwellers take darker turns, but who is the real monster?",,United Kingdom,N/A,N/A,N/A,N/A,4.3
tt9866252,Little,2018,"Horror,Short",12,0.0,0.0,,,,"An unexpected meeting turns dangerous as two children navigate the desolate, wooded terrain of their developing town.",,United States,N/A,N/A,N/A,N/A,N/A
tt9866388,What Happened to Blair Adams?,2019,"Crime,Horror,Mystery",\N,0.0,0.0,,,,,,N/A,N/A,N/A,N/A,N/A,N/A
tt9866476,Dead Sins,\N,Horror,\N,0.0,0.0,,,,,,N/A,N/A,N/A,N/A,N/A,N/A
tt9866484,Pet Sematary Two (1992) Kill Count,2019,"Comedy,Horror",21,8.0,30.0,,,,,,N/A,N/A,N/A,N/A,N/A,8.6
tt9866654,Serial Dater,\N,Horror,\N,0.0,0.0,,,,,,N/A,N/A,N/A,N/A,N/A,N/A
tt9866700,Paranormal Investigation,2018,"Horror,Thriller",92,3.7,1831.0,,,,"When a young man becomes possessed after playing a Ouija game,a ghost hunter investigates the evil spirit dwelling within him.",,France,N/A,N/A,N/A,N/A,3.7
tt9867202,Mischief Night from Hell,2019,Horror,\N,0.0,0.0,,,,,,N/A,N/A,N/A,N/A,N/A,N/A
tt9867478,Approaching Shadows,2021,Horror,85,5.2,18.0,,,,"Approaching Shadows is a story of true love and the acceptance of death, told through the vehicle of a horror-road movie.",,N/A,N/A,N/A,N/A,N/A,8.0
tt9867788,No Safety in Numbers,2019,"Adventure,Game-Show,Horror",83,6.9,40.0,,,,"Two pairs of survivalists are surprised when they must take on the deadly jungles of Panama side-by-side; before their 21-day challenge begins, they have to rethink their survival strategies along gender lines.",,N/A,N/A,N/A,N/A,TV-14,N/A
tt9868158,The Strings,2020,"Horror,Music,Thriller",94,4.4,470.0,,,,"In the dead of winter, a musician travels to a remote cottage to work on new material, but soon finds herself under attack from a mysterious dark presence.",,Canada,N/A,N/A,N/A,N/A,4.5
tt9869018,Subconscious nightmare,2019,"Horror,Short,Thriller",6,8.8,29.0,,,,What horrors does our consciousness hide? What nightmares lurk in it?,,Russia,N/A,N/A,N/A,N/A,9.2
tt9869038,Who Could Love a Monster?,\N,Horror,\N,0.0,0.0,,,,,,N/A,N/A,N/A,N/A,N/A,N/A
tt9869320,Limbo (El borde del infierno),\N,Horror,\N,0.0,0.0,,,,,,N/A,N/A,N/A,N/A,N/A,N/A
tt9869346,Bad Milo (2013),2019,"Comedy,Horror,Talk-Show",\N,0.0,0.0,,,,,,N/A,N/A,N/A,N/A,N/A,N/A
tt9869560,Episode #1.4,\N,"Action,Horror,Sci-Fi",\N,0.0,0.0,,,,,,N/A,N/A,N/A,N/A,N/A,N/A
tt9869644,Boogiepop at Dawn 4,2019,"Animation,Drama,Horror",23,7.9,39.0,,,,"Nagi prepares to fight with Kisugi Makiko. Now that Kisugi is not human, there's a good chance Nagi won't survive this fight. Mo Murder knows the odds of this fight and ends up doing something very much out of his character. Meanw...",,N/A,N/A,N/A,N/A,TV-14,N/A
tt9869648,Overdrive: The King of Distortion 1,2019,"Animation,Drama,Horror",23,7.8,39.0,,,,"An eccentric billionaire named Teratsuki Kyouichirou created a strange building called the Moon Temple before he died. The purpose for its construction was unknown, so they decided to open it to the public to view to try to gain s...",,N/A,N/A,N/A,N/A,TV-14,N/A
tt9869650,Overdrive: The King of Distortion 2,2019,"Animation,Drama,Horror",23,7.3,39.0,,,,"Teratsuki Kyouichirou and a pregnant woman sit drinking in a bar, and he offers her money if she keeps the child, even though she does not know who the father is. Some time later she gives birth to Makoto Hashizaka and she is show...",,N/A,N/A,N/A,N/A,N/A,N/A
tt9869652,Overdrive: The King of Distortion 3,2019,"Animation,Drama,Horror",23,7.7,38.0,,,,"Niitoki Kei is progressing through the Moon Temple along with Boogiepop. According to Boogiepop, it's definitely true that something is endangering the world right now, but they don't know just how dangerous it is at the moment.",,N/A,N/A,N/A,N/A,TV-14,N/A
tt9869654,Overdrive: The King of Distortion 4,2019,"Animation,Drama,Horror",23,7.3,39.0,,,,"Tanaka Shirou finds a place in the floor that looks like it may lead somewhere else, so he and Habara Kentarou want to go explore it, but Sakiko was asleep on top of the entrance.",,N/A,N/A,N/A,N/A,TV-14,6.6
tt9869656,Overdrive: The King of Distortion 5,2019,"Animation,Drama,Horror",23,7.6,40.0,,,,The truth that Teratsuki Kyouichirou just revealed in the video... He explains that what's happening in the Moon Temple right now is a collaboration between him and the King of Distortion.,,N/A,N/A,N/A,N/A,TV-14,N/A
tt9869668,The Final Ride,2019,"Comedy,Horror",79,5.5,78.0,,,5 wins,"An Anthology with three tales including the ghost of an 80's fitness guru, a Tattoo that won't stop spreading, and an Uber Driver that picks up her final customer for the night, not knowing that she's in for the ride of her life.",,Canada,N/A,N/A,N/A,N/A,5.4
tt9869738,The Vicious,2019,"Horror,Short",13,5.4,47.0,,,,Worlds collide as a family on a road trip stumbles upon a farmhouse with a peculiar set of residents.,,United States,N/A,N/A,N/A,N/A,5.3
tt9870060,The Reel World of Mrs Mitty,2019,"Comedy,Fantasy,Horror",32,0.0,0.0,,,6 wins & 1 nomination.,Margaret dreams of fame and fortune. Anything is better than her boring abusive marriage. Her flights of fancy are both funny and scary......but are they real or reel?,,Australia,N/A,N/A,N/A,N/A,N/A
tt9870146,The Cropper,2019,"Horror,Short",\N,0.0,0.0,,,,,,Australia,N/A,N/A,N/A,N/A,N/A
tt9870192,Incubus,2017,"Horror,Short",6,0.0,0.0,,,,Sandra relives her worst nightmares every single night.,,Spain,N/A,N/A,N/A,N/A,N/A
tt9870400,Psychosis,2019,"Drama,Horror,Short",20,0.0,0.0,,,,"A Young Woman stumbles out of an alleyway, after succumbing to a senseless, sexual assault. The aftermath of this horrific attack, forever scars her mind, as she desperately tries to escape the past.",,UK,N/A,N/A,N/A,N/A,N/A
tt9870456,Intruder,2016,"Horror,Short",4,0.0,0.0,,,,,,UK,N/A,N/A,N/A,N/A,N/A
tt9870858,The Woods: Behind the Scenes,2017,"Documentary,Horror,Short",10,0.0,0.0,,,,The making of Sugar Pine 7's The Woods. We took on the impossible: shooting a 30-page short film in 3 days. Check out everything that went on behind the camera and the amazing team that made it happen.,,United States,N/A,N/A,N/A,N/A,N/A
tt9871380,Rotten Harvest,2019,"Horror,Short",\N,0.0,0.0,,,,,,United States,N/A,N/A,N/A,N/A,N/A
tt9871628,Vamp,2019,"Drama,Horror",86,4.9,12.0,,,,A troubled teenager who is about to kill herself has a life changing encounter with a female vampire.,,Japan,N/A,N/A,N/A,N/A,3.0
tt9872038,Twinkle Twinkle,2019,Horror,148,4.3,26.0,,,,"At the request of a friend J (Lee Banton) to his 2 best friends the dream of a final camping trip before he gets married is a must , but the friends soon find out that fun turns to terror ...",,UK,N/A,N/A,N/A,N/A,4.8
tt9872068,The Android,2017,"Comedy,Horror,Short",3,8.2,6.0,,,,Four incredibly vulgar teenagers plan to meet up in the woods but not before a mysterious being starts to stalk and pick them off one by one.,,United Kingdom,N/A,N/A,N/A,N/A,N/A
tt9872116,Marshmallows,2019,"Horror,Short",\N,0.0,0.0,,,,,,United States,N/A,N/A,N/A,N/A,N/A
tt9872524,From Within,2019,"Horror,Short",8,0.0,0.0,,,,A series of bizarre encounters with the supernatural sends a woman down a nightmarish road of memories that can only end in blood.,,United States,N/A,N/A,N/A,N/A,N/A
tt9872616,Marid,2019,Horror,\N,5.3,23.0,,,,"Paid to survey a dilapidated village, three young people discover that some things just shouldn't be opened.",,Turkey,N/A,N/A,N/A,N/A,N/A
tt9873374,Aprovada,2017,"Horror,Short",\N,0.0,0.0,,,,,,Brazil,N/A,N/A,N/A,N/A,N/A
tt9873376,Stranded,2023,Horror,81,2.9,133.0,,,,"A group of siblings in Fouke, Arkansas break down in the wilderness and are stalked and terrorized by a legendary monster.",,United States,N/A,N/A,N/A,N/A,N/A
tt9873778,Raízes,2019,"Horror,Short",12,0.0,0.0,,,,"A journalist prepares for the last dinner of the local newspaper where he works. Unexpectedly, he realizes that the key to his next great story is also the one that opens the doors to his roots.",,Portugal,N/A,N/A,N/A,N/A,N/A
tt9875050,Blood Oaks,2019,"Comedy,Horror,Short",\N,4.8,10.0,,,,A trailer for a movie about a masked killer going around killing people in an apartment complex.,,United States,N/A,N/A,N/A,N/A,N/A
tt9875310,Quiet,2020,"Drama,Horror",\N,0.0,0.0,,,,"When a pair of activists stumble across a peaceful recluse living in the mountains, they begin to realise that there may be something else living under the land.",,United Kingdom,N/A,N/A,N/A,N/A,N/A
tt9875322,Clownmare,2019,"Horror,Short",\N,0.0,0.0,,,,,,United States,N/A,N/A,N/A,N/A,N/A
tt9875336,Magic,2019,"Horror,Short",\N,0.0,0.0,,,,"A girl arrives at a motel and something magic is about to happen. After a great romantic night with her new girlfriend, a shooting happens outside the room. Stray bullets kill the two girls...",,USA,N/A,N/A,N/A,N/A,N/A
tt9875436,Gudda,2016,Horror,\N,0.0,0.0,,,,A boy brings home a shabby looking doll and his mother does not seem pleased about it.,,N/A,N/A,N/A,N/A,N/A,N/A
tt9875452,Midnight Montage,2019,Horror,80,4.7,50.0,,,,"When a Romanian gypsy reads 4 short stories from a possessed pack of tarot cards, you will be sent on a bloodthirsty journey, never to return.",,United States,N/A,N/A,N/A,TV-MA,4.7
tt9875472,Wild Beasts of the Desert,\N,Horror,\N,0.0,0.0,,,,,,N/A,N/A,N/A,N/A,N/A,N/A
tt9875584,Return to the Roost,2019,"Horror,Mystery",\N,0.0,0.0,,,,,,N/A,N/A,N/A,N/A,N/A,N/A
tt9875824,Scare Crow,2018,"Horror,Short",2,0.0,0.0,,,,,,United Kingdom,N/A,N/A,N/A,N/A,N/A
tt9876298,O Segredo de Sara,2020,"Horror,Thriller",70,5.0,25.0,,,,,,Brazil,N/A,N/A,N/A,N/A,N/A
tt9876416,Faustus,\N,Horror,\N,0.0,0.0,,,,,,N/A,N/A,N/A,N/A,N/A,N/A
tt9876728,Setan Dalam Poket,2018,Horror,94,0.0,0.0,,,,The story of a money from robbery that cause catastrophes and bad lucks whenever it changes owner.,,Malaysia,N/A,N/A,N/A,N/A,N/A
tt9876810,Naked Gets Weird,2019,"Adventure,Game-Show,Horror",41,7.6,16.0,,,,,,N/A,N/A,N/A,N/A,N/A,N/A
tt9877060,Black Cloud,2019,"Horror,Reality-TV,Sci-Fi",31,0.0,0.0,,,,A family has an experience with a black ominous cloud that none of them can explain and feel threatened by what could be poltergeist activity.,,N/A,N/A,N/A,N/A,N/A,N/A
tt9877064,Bloody Fetus,2019,"Horror,Reality-TV,Sci-Fi",19,0.0,0.0,,,,"Paranormal investigators encounter a Victorian-era ghost and a shocking apparition of a floating, bloody, baby fetus.",,N/A,N/A,N/A,N/A,N/A,N/A
tt9877066,Haunted House,2019,"Horror,Reality-TV,Sci-Fi",20,0.0,0.0,,,,"Shattering glass, lights turning off and ghosts manifesting all over the house. A family haunting that could make you think twice about moving in.",,N/A,N/A,N/A,N/A,N/A,N/A
tt9877076,The Passing,2019,"Horror,Reality-TV,Sci-Fi",20,0.0,0.0,,,,A cop of 25 years has numerous experiences that involve the deceased and another with two mischievous specters that manifest themselves in a pub.,,N/A,N/A,N/A,N/A,N/A,N/A
tt9877096,It Follows,2019,"Horror,Reality-TV,Sci-Fi",25,0.0,0.0,,,,Have you ever been on a Haunted Tour? A young woman has an encounter with a spirit that follows her home and gives her the scare of her life.,,N/A,N/A,N/A,N/A,N/A,N/A
tt9877100,A Father's Love,2019,"Horror,Reality-TV,Sci-Fi",21,0.0,0.0,,,,A Monopoly car and a gold coin? A deceased father makes an effort to stay in contact with his daughter in some unique and unusual ways.,,N/A,N/A,N/A,N/A,N/A,N/A
tt9877110,Demonic Lust,2019,"Horror,Reality-TV,Sci-Fi",22,0.0,0.0,,,,A psychic medium has a disturbing experience with an incubus demon which causes our very own host to open up and describe how in the past she herself was sexually abused by the same type of entity.,,N/A,N/A,N/A,N/A,N/A,N/A
tt9877334,Eternidade,2016,"Horror,Short",13,0.0,0.0,,,,A couple separated by death is capable of anything to be reunited. Even invoking the Goddess of Eternity. Based on the works of Edgar Allan Poe and the German expressionist cinema.,,Brazil,N/A,N/A,N/A,N/A,N/A
tt9877358,Inferno: Interview with Writer/Director Dario Argento and Assistant Director Lamberto Bava,2000,"Biography,Documentary,Horror",9,0.0,0.0,,,,,,N/A,N/A,N/A,N/A,N/A,N/A
tt9878582,The Birth,2019,"Horror,Mystery,Short",5,0.0,0.0,,,,A couple expecting a baby must deal with a surprising and revealing birth.,,Argentina,N/A,N/A,N/A,N/A,N/A
tt9878706,...Zzz...,2006,"Horror,Short",\N,0.0,0.0,,,,,,Italy,N/A,N/A,N/A,N/A,N/A
tt9878848,Blue Blood,2019,"Horror,Mystery,Short",11,8.4,27.0,,,1 win & 2 nominations,"Two female hikers wake up in the middle of the forest, unaware of how they got there. Faced with a masked evil they are forced to fight for their lives in a ritualistic occult hunt. Can they survive?",,Netherlands,N/A,N/A,N/A,N/A,8.7
tt9879394,Road to Nowhere,\N,Horror,\N,0.0,0.0,,,,,,N/A,N/A,N/A,N/A,N/A,N/A
tt9879482,Second Coming,2019,Horror,85,5.1,22.0,,,,"Story of a stepmother who, after moving in the home of her husband is haunted by her possessed stepdaughter.",,Philippines,N/A,N/A,N/A,N/A,6.6
tt9879636,Puppets!,\N,Horror,\N,0.0,0.0,,,,,,N/A,N/A,N/A,N/A,N/A,N/A
tt9880448,McKenzie,2024,"Horror,Short",3,0.0,0.0,,,,,,N/A,N/A,N/A,N/A,N/A,N/A
tt9880652,One in Two People,2019,"Horror,Short,Thriller",8,8.3,10.0,,,3 wins,Emily is surrounded by her friends as she reveals her dark secret.,,Canada,N/A,N/A,N/A,N/A,N/A
tt9881330,The Theatre of Terror,2019,Horror,90,5.9,64.0,,,,A young woman watches four tales of terror in an old shuttered movie palace.,,United States,N/A,N/A,N/A,N/A,5.9
tt9881580,The Dark Passenger,2018,"Drama,Horror,Short",\N,0.0,0.0,,,,A mysterious thriller about a man who's world gets flipped upside down when he starts finding dead bodies.,,United States,N/A,N/A,N/A,N/A,N/A
tt9881678,Chapter X,2023,"Drama,Fantasy,Horror",100,3.2,70.0,,,,"Decades after the gruesome murder of his parents, Luke learns of a forgotten inheritance; a rustic cabin buried deep in the Wasatch Mountains. The property rekindles Luke's fragmented memories of that fateful night and unearths ne...",,United States,N/A,N/A,N/A,N/A,3.4
tt9881756,Kyorinrin,2017,"Horror,Short",\N,0.0,0.0,,,,,,N/A,N/A,N/A,N/A,N/A,N/A
tt9881900,Nian,2019,"Horror,Short",\N,0.0,0.0,,,,,,United States,N/A,N/A,N/A,N/A,N/A
tt9881918,The End,2017,"Horror,Short",\N,0.0,0.0,,,,,,France,N/A,N/A,N/A,N/A,N/A
tt9882054,Schwarzer Garten,2018,"Horror,Mystery",51,2.6,9.0,,,,A man wants to find out what is it about a photo sent to him.,,Germany,N/A,N/A,N/A,N/A,3.0
tt9882548,Who's There?,2012,Horror,\N,0.0,0.0,,,,A 16 year old Tillian gets a knock on the door from none other than the devil himself. A Halloween special from Ravens Hill Productions.,,Canada,N/A,N/A,N/A,N/A,N/A
tt9882664,Dumpster Baby,2019,"Horror,Short",3,0.0,0.0,,,,"Casey regains consciousness to find herself trapped and alone in total darkness. Desperately searching for answers, her only hope is a mysterious voice, guiding her as the sea of blackness begins to close in.",,United States,N/A,N/A,N/A,N/A,N/A
tt9882674,Kya kahein,2004,Horror,25,0.0,0.0,,,,,,N/A,N/A,N/A,N/A,N/A,N/A
tt9882900,Garbage,2019,"Horror,Short",3,0.0,0.0,,,,A Writer is haunted by a demon that bends reality.,,India,N/A,N/A,N/A,N/A,N/A
tt9882954,Boneca,2019,"Horror,Short",25,0.0,0.0,,,,"Raquel's life takes a terrible turn when she finds herself held captive by Gregorio, a sculptor of living dolls, who presents his conceptions of beauty and complete submission.",,Brazil,N/A,N/A,N/A,N/A,N/A
tt9882970,Official Stories & Conspiracy Theories,2019,"Drama,Horror",\N,0.0,0.0,,,,A discovery in the North River sets The Towner Hour on edge.,,N/A,N/A,N/A,N/A,N/A,N/A
tt9883042,Aakashaganga II,2019,Horror,142,2.1,283.0,,,,"Arathi, accepts a challenge to test the authenticity of an 'Ashram' that claims to help its followers talk to the dead. To her surprise, she communicates with her dead mother who leads her to the dark and hidden secrets of her own...",,India,N/A,N/A,N/A,N/A,2.2
tt9883112,"Monsters, Scarecrows and Evil Clowns: 4 Halloween Horror Shorts",2019,"Horror,Short",20,0.0,0.0,,,,"From scary monsters in the closet with Nightlight (featured on Bloody Disgusting's World of Death), insidious demons in the woods, evil clowns playing a game after a night at the circus and possessed scarecrow bidding revenge, the...",,United States,N/A,N/A,N/A,N/A,N/A
tt9883128,"Blade, Blood, Bullets & Babes",\N,Horror,\N,0.0,0.0,,,,,,N/A,N/A,N/A,N/A,N/A,N/A
tt9883144,The Carpenter,2018,"Horror,Short",11,0.0,0.0,,,,,,Greece,N/A,N/A,N/A,N/A,N/A
tt9883284,Untitled project,\N,"Comedy,Horror",\N,0.0,0.0,,,,,,N/A,N/A,N/A,N/A,N/A,N/A
tt9883448,Night Puppets,2017,"Horror,Short",\N,0.0,0.0,,,,,,France,N/A,N/A,N/A,N/A,N/A
tt9883840,Playhouse,2018,"Horror,Short",\N,0.0,0.0,,,,,,France,N/A,N/A,N/A,N/A,N/A
tt9883998,The Groves,2019,"Horror,Short",36,5.1,20.0,,,,"Whilst visiting an old mangrove trail, Jess finds herself separated from her boyfriend and begins to unravel a dark secret buried within.",,Australia,N/A,N/A,N/A,N/A,5.5
tt9884054,Hexed,\N,Horror,\N,0.0,0.0,,,,,,N/A,N/A,N/A,N/A,N/A,N/A
tt9884236,The Bell,2019,"Horror,Short,Thriller",3,0.0,0.0,,,,,,N/A,N/A,N/A,N/A,N/A,N/A
tt9884478,La Intangible Habitante De La Mansión Meyendorff,2019,Horror,\N,0.0,0.0,,,,,,N/A,N/A,N/A,N/A,N/A,N/A
tt9885894,I Think It Came from Hell/The Ozark Bigfoot,2020,"Documentary,Horror",42,8.0,23.0,,,,,,N/A,N/A,N/A,N/A,N/A,N/A
tt9886618,Twilight Protocol,2019,"Adventure,Horror,Mystery",\N,0.0,0.0,,,,The cast from Wildcards at Saving Throw joins together with Pinebox Entertainment to bring you an RPG show that directly compliments the Doomtown Twilight Protocol event.,,USA,N/A,N/A,N/A,N/A,N/A
tt9886644,The Eatherly Investigation,2018,"Horror,Reality-TV",\N,0.0,0.0,,,,,,N/A,N/A,N/A,N/A,N/A,N/A
tt9886688,Friends,2018,"Horror,Short",\N,0.0,0.0,,,,,,France,N/A,N/A,N/A,N/A,N/A
tt9886718,Small Bell,2018,"Horror,Short",\N,0.0,0.0,,,,,,France,N/A,N/A,N/A,N/A,N/A
tt9886750,Misleading,2017,"Horror,Short",\N,0.0,0.0,,,,,,France,N/A,N/A,N/A,N/A,N/A
tt9886772,Death Spa (1989),2019,"Comedy,Horror,Talk-Show",\N,0.0,0.0,,,,,,N/A,N/A,N/A,N/A,N/A,N/A
tt9886784,Future Vamps,2020,Horror,60,0.0,0.0,,,,Blood thirsty vampires struggle to survive on mutant blood making more mutant vampires.,,United Kingdom,N/A,N/A,N/A,N/A,N/A
tt9886866,Peinture au Scalpel,2017,"Horror,Short",\N,0.0,0.0,,,,,,France,N/A,N/A,N/A,N/A,N/A
tt9887090,Phantasmagoria,\N,Horror,120,0.0,0.0,,,,,,N/A,N/A,N/A,N/A,N/A,N/A
tt9887294,Jester,2019,"Action,Comedy,Horror",15,5.9,12.0,,,9 wins & 19 nominations,"It's a typical night in the life of demon-hunting guitarist, Dexter Jacobs, when his two lives collide and he is forced to protect his oblivious housemate, Paul, from an audience-eating monster that only he can see.",,United Kingdom,N/A,N/A,N/A,N/A,N/A
tt9887332,That night before morning,2015,"Crime,Horror,Mystery",5,0.0,0.0,,,,,,India,N/A,N/A,N/A,N/A,N/A
tt9887544,Blood Walkers,\N,Horror,\N,0.0,0.0,,,,,,N/A,N/A,N/A,N/A,N/A,N/A
tt9887626,Z Roach,2016,"Horror,Short",\N,0.0,0.0,,,,,,United States,N/A,N/A,N/A,N/A,N/A
tt9888180,The Devastation,2019,"Action,Adventure,Horror",\N,0.0,0.0,,,,,,N/A,N/A,N/A,N/A,N/A,N/A
tt9888494,Quimera,2019,"Horror,Short",6,0.0,0.0,,,,An empty apartment and a strange man looking for something or for someone. But something is looking for him too.,,Brazil,N/A,N/A,N/A,N/A,N/A
tt9888520,CASE 2: Animatronics Survival,2018,Horror,\N,7.1,21.0,,,,,,Russia,N/A,N/A,N/A,N/A,6.3
tt9888574,Tissue,2020,"Horror,Short",5,0.0,0.0,,,,"A woman gets trapped in her own apartment with an unknown presence. Unable to call for help, her only choice is to face the unknown head on, but this presence may be something far more sinister than she was anticipating.",,Brazil,N/A,N/A,N/A,N/A,N/A
tt9889244,Episode #1.11,2019,Horror,\N,0.0,0.0,,,,,,N/A,N/A,N/A,N/A,N/A,N/A
tt9889246,Episode #1.12,2019,Horror,\N,0.0,0.0,,,,,,N/A,N/A,N/A,N/A,N/A,N/A
tt9889252,Dee Wallace Interview,2019,"Biography,Horror,Talk-Show",\N,0.0,0.0,,,,,,N/A,N/A,N/A,N/A,N/A,N/A
tt9889610,Dracula 3D: Behind the Scenes,2012,"Documentary,Horror",64,0.0,0.0,,,,,,N/A,N/A,N/A,N/A,N/A,N/A
tt9889630,Dracula 3D: Dario Argento at the Slash Film Festival,2012,"Documentary,Horror,Short",35,0.0,0.0,,,,,,Italy,N/A,N/A,N/A,N/A,N/A
tt9890120,Resurrection Corporation,2021,"Animation,Comedy,Horror",77,6.6,35.0,,,1 win,Caligari is a famous undertaker who's been on the streets since death itself was banned in the city and supplanted by a practical method of resurrection.,,Italy,N/A,N/A,N/A,N/A,N/A
tt9890926,Stones,2018,"Horror,Short",20,0.0,0.0,,,3 wins.,A woman walking down a beach knocks over a stack of stones. She shouldn't have done that.,,USA,N/A,N/A,N/A,N/A,N/A
tt9891344,Appalachian Man the Fall,2018,"Horror,Short",\N,0.0,0.0,,,,A family of Cannibals have to decide to move to the Appalachian mountains during the Apocalypse to find a new home.,,United States,N/A,N/A,N/A,N/A,N/A
tt9891556,Project Z,2019,"Adventure,Game-Show,Horror",24,6.6,6.0,,,,5 schoolchildren must solve puzzles and avoid rampaging zombies in order to escape their school in this post apocalyptic adventure game show.,,United Kingdom,N/A,N/A,N/A,N/A,N/A
tt9891874,Scarecrow County,2019,"Horror,Mystery,Thriller",75,2.9,116.0,,,,"A small-town librarian is gifted the lost diary of a dead teenager, exposing long-buried secrets as a murderous scarecrow stalks the streets.",,United States,N/A,N/A,N/A,N/A,3.6
tt9892276,Episode #1.1,2019,"Comedy,Drama,Horror",\N,7.6,8.0,,,,"At his clinic in Ximending, renowned psychologist Wei Song-yan counsels Yu Xiu-qi, who slips into the persona of Hualien gang member Shen Chin-fa.",,N/A,N/A,N/A,N/A,N/A,N/A
tt9892282,Broad Daylight,2018,"Horror,Short",5,0.0,0.0,,,,"Not everything ""goes bump in the night"", some creatures venture out into the broad daylight. One woman finds this out the hard way when doing laundry in her bright, carefree, suburban neighborhood.",,United States,N/A,N/A,N/A,N/A,N/A
tt9892284,Episode #1.2,2019,"Comedy,Drama,Horror",\N,0.0,0.0,,,,"Ma-li, who comes from the future, talks to Song-yan through a mirror. Xiu-qi appears to have no memory of her violent outburst at the jewelry shop.",,N/A,N/A,N/A,N/A,N/A,N/A
tt9892286,Episode #1.3,2019,"Comedy,Drama,Horror",\N,0.0,0.0,,,,Song-yan urges Zao-yun's grandma Li-hua to confront grief from a past love. Song-yan's Rorschach test offers clues about Ma-li's family relations.,,N/A,N/A,N/A,N/A,N/A,N/A
tt9892290,Episode #1.4,2019,"Comedy,Drama,Horror",\N,0.0,0.0,,,,"Ma-li revisits a devastating moment in her past. While meeting with Shen Chin-cheng to discuss Shen Chin-fa, Song-yan misses a rendezvous with Yu-mei.",,N/A,N/A,N/A,N/A,N/A,N/A
tt9892296,Episode #1.5,2019,"Comedy,Drama,Horror",\N,0.0,0.0,,,,"Xiu-qi grapples with the heartrending truth about Chin-fa. To unlock the answer she seeks, Song-yan shows Li-hua's spirit the inscriptions on a ring.",,N/A,N/A,N/A,N/A,N/A,N/A
tt9892298,Episode #1.6,2019,"Comedy,Drama,Horror",\N,0.0,0.0,,,,"As his future with Yu-mei hangs by a thread, Song-yan pieces together the tragic truth about Ma-li, and Zao-yun reveals her connection with Yu-mei.",,N/A,N/A,N/A,N/A,N/A,N/A
tt9892346,Camellia,2019,"Horror,Short",\N,0.0,0.0,,,,A parasitic flower forces an awkward romantic to face his fears through trials of friendship and obsession.,,United States,N/A,N/A,N/A,N/A,N/A
tt9892648,Payne Road,2018,"Horror,Short",\N,0.0,0.0,,,,,,United States,N/A,N/A,N/A,N/A,N/A
tt9892720,The Cube,2017,Horror,\N,0.0,0.0,,,,A mysterious cube houses something very sinister.,,N/A,N/A,N/A,N/A,N/A,N/A
tt9892730,The Visiting,2017,Horror,\N,0.0,0.0,,,,A visit to the Dark Web endangers the lives of two teens.,,N/A,N/A,N/A,N/A,N/A,N/A
tt9892852,Project JH,\N,Horror,\N,0.0,0.0,,,,,,N/A,N/A,N/A,N/A,N/A,N/A
tt9892906,Day Two,2019,"Horror,Mystery,Short",\N,0.0,0.0,,,,,,Russia,N/A,N/A,N/A,N/A,7.5
tt9893130,"2025: Blood, White & Blue",2022,"Action,Comedy,Horror",135,2.2,230.0,,,,"In year 2025, 45th President of United States of America is back for his 2rd term in office and re-implements Purge.",,United States,N/A,N/A,N/A,TV-MA,2.2
tt9893134,The Disappearance of Ashley,2017,Horror,\N,0.0,0.0,,,,Two FBI Agents recall the events leading up to the mysterious disappearance of the town of Ashley.,,N/A,N/A,N/A,N/A,N/A,N/A
tt9893148,The Smiling Man,2017,Horror,\N,0.0,0.0,,,,A girl goes on a walk at night and runs into a strange Smiling Man with sinister intentions.,,N/A,N/A,N/A,N/A,N/A,N/A
tt9893228,Getaway,\N,Horror,\N,0.0,0.0,,,,,,N/A,N/A,N/A,N/A,N/A,N/A
tt9893498,Winter's Blood,2019,"Horror,Short",4,7.0,52.0,,,1 win & 2 nominations,"After being pursued through the snow by a masked stranger, a woman becomes entangled in a dark year-end ritual.",,United States,N/A,N/A,N/A,N/A,7.3
tt9893586,Expecto Spankum,2018,"Horror,Short",\N,0.0,0.0,,,,"A couple sits down to watch a scary movie at night, and.",,United States,N/A,N/A,N/A,N/A,N/A
tt9893688,The Last Date,2017,"Horror,Short",\N,0.0,0.0,,,,,,United Kingdom,N/A,N/A,N/A,N/A,N/A
tt9893772,1AD,2018,"Horror,Short",\N,0.0,0.0,,,,,,United Kingdom,N/A,N/A,N/A,N/A,N/A
tt9893824,Bright Hill Road,2020,Horror,91,4.5,362.0,,,,"When a misstep after a workplace shooting puts alcoholic Marcy on leave, she heads out to see her sister in California. Halfway there, she stops for a couple of days at the Bright Hill Road Boarding House. The walls close in on th...",,Canada,N/A,N/A,N/A,N/A,4.5
tt9893874,September,2019,"Comedy,Horror,Short",6,0.0,0.0,,,,"Following an apocalypse, a father must make the choice between leaving the bunker to find more resources to protect his wife and child or stay and wait for an inevitable demise.",,Australia,N/A,N/A,N/A,N/A,N/A
tt9893918,A Walk Through Hell: Missouri State Penitentiary,2021,"Documentary,Horror,Reality-TV",\N,0.0,0.0,,,,,,United States,N/A,N/A,N/A,N/A,N/A
tt9894350,The Turkey Man,2019,"Horror,Short",\N,0.0,0.0,,,,The elusive Turkey Man killer stalks a group of twenty-somethings while the local police force hunts him down.,,United States,N/A,N/A,N/A,N/A,N/A
tt9894470,VFW,2019,"Action,Crime,Horror",92,6.1,9737.0,,,2 wins & 1 nomination,"A group of old war veterans put their lives on the line to defend a young woman taking shelter in their local VFW post, who's running from a deranged drug dealer and his relentless army of drug-addled punks.",,United States,72,N/A,N/A,Not Rated,6.1
tt9894822,Hard to Kill,2018,"Horror,Short",30,0.0,0.0,,,,"Singer/ songwriter Troy Freeman heads to the frozen wilderness of Finland in search of solitude and inspiration, only to find more than he bargained for when his guitar awakens something hungry and evil from it's winter slumber.",,UK,N/A,N/A,N/A,N/A,N/A
tt9894872,Telarañas,2020,"Drama,Fantasy,Horror",78,7.8,941.0,,,,A cow gives birth to a baby - Is it human? Is it the work of the devil or is it just a hoax?,,N/A,N/A,N/A,N/A,TV-MA,7.8
tt9895014,Stickman,2019,"Horror,Short",\N,8.0,9.0,,,,,,Hungary,N/A,N/A,N/A,N/A,8.0
tt9895512,Supernatural Radio,2017,Horror,\N,0.0,0.0,,,,A strange voice on the radio begins to ask bizarre questions.,,N/A,N/A,N/A,N/A,N/A,N/A
tt9895558,Smile_Dog.jpg,2018,Horror,\N,0.0,0.0,,,,"Stories of a woman gone mad due to a picture called ""Smile_Dog"" prompts a high schooler to investigate.",,N/A,N/A,N/A,N/A,N/A,N/A
tt9896476,Happy Anniversary,2019,"Drama,Horror,Short",\N,0.0,0.0,,,,,,USA,N/A,N/A,N/A,N/A,N/A
tt9896746,The Circle,2018,"Horror,Mystery,Short",\N,0.0,0.0,,,,,,United States,N/A,N/A,N/A,N/A,N/A
tt9897220,Pilot,2016,"Adventure,Comedy,Horror",\N,0.0,0.0,,,,,,N/A,N/A,N/A,N/A,N/A,N/A
tt9897248,Kung-Fu Boogaloo,2017,"Adventure,Comedy,Horror",\N,0.0,0.0,,,,,,N/A,N/A,N/A,N/A,N/A,N/A
tt9897256,Sanity Not Included,2018,"Adventure,Comedy,Horror",\N,0.0,0.0,,,,,,N/A,N/A,N/A,N/A,N/A,N/A
tt9897280,A Pimple in Time,2019,"Adventure,Comedy,Horror",\N,0.0,0.0,,,,,,N/A,N/A,N/A,N/A,N/A,N/A
tt9898602,Hantu Jerangkung,1957,Horror,82,6.9,9.0,,,,,,Malaysia,N/A,N/A,N/A,N/A,N/A
tt9898682,Vengeance Douloureuse 1: la colère est née,2011,Horror,76,0.0,0.0,,,,"A man, whose family was killed in a radioactive accident, decides to take revenge on who caused this accident.",,France,N/A,N/A,N/A,N/A,N/A
tt9898844,The Hunting,2021,"Horror,Mystery,Thriller",93,3.0,498.0,,,,"When a mysterious animal attack leaves a mutilated body in the forest, a conservative small town detective must enlist the help of an eager wildlife specialist to uncover the dark and disturbing truth that threatens the town.",,United States,N/A,N/A,N/A,N/A,3.0
tt9899264,The Girl in the Photograph,2018,Horror,\N,0.0,0.0,,,,A guy's obsession with a photograph of a girl might be a bit more than he bargained for.,,N/A,N/A,N/A,N/A,N/A,N/A
tt9899274,One-Man Hide and Seek,2018,Horror,\N,0.0,0.0,,,,"In an attempt to contact the dead, a girl tries a ritual called ""One Man Hide and Seek"", which proves to have dire consequences to those who play it.",,N/A,N/A,N/A,N/A,N/A,N/A
tt9899276,The Scariest Thing,2018,Horror,\N,0.0,0.0,,,,Being home alone isn't the safest feeling out there. The scariest things are the things you can't see.,,N/A,N/A,N/A,N/A,N/A,N/A
tt9899284,Return of the Binman,2019,"Horror,Romance,Thriller",120,0.0,0.0,,,,Nick Black A Serial Killer From Plymouth Has Came Back On The Radar After Going Into Hiding For 4 Years Since That Time He has Now Found A Girlfriend Who Just As Dangerous As Him.,,UK,N/A,N/A,N/A,N/A,N/A
tt9899338,Too Late,2020,"Animation,Horror,Short",5,6.2,31.0,,,5 wins & 4 nominations,"Deep into the small hours of the night, drenched in black coffee and paperwork, a lonely man's sanity starts to slip away.",,Canada,N/A,N/A,N/A,N/A,6.5
tt9899526,Still,2019,"Horror,Short",\N,0.0,0.0,,,,"When Craig starts suffering from episodes of Sleep Paralysis, he becomes a helpless prisoner in his own still body. Is this just a medical condition or is something more nefarious at work?",,USA,N/A,N/A,N/A,N/A,N/A
tt9899556,Lendas da Vovó - Não Presta Chamar a Morte,2019,Horror,\N,0.0,0.0,,,,,,N/A,N/A,N/A,N/A,N/A,N/A
tt9900088,Episode #1.13,2019,Horror,\N,0.0,0.0,,,,,,N/A,N/A,N/A,N/A,N/A,N/A
tt9900094,Episode #1.14,2019,Horror,\N,0.0,0.0,,,,,,N/A,N/A,N/A,N/A,N/A,N/A
tt9900096,Episode #1.15,2019,Horror,\N,0.0,0.0,,,,,,N/A,N/A,N/A,N/A,N/A,N/A
tt9900118,Christmas special,\N,"Drama,Fantasy,Horror",\N,0.0,0.0,,,,,,N/A,N/A,N/A,N/A,N/A,N/A
tt9900552,The Sacred Riana: Beginning,2019,Horror,111,4.5,156.0,,,,"In her childhood, Riana lived in a small town with her father and her mother who ran a funeral house business. A disaster required them move to Uncle Johan's house in Jakarta and Riana meets with Riani doll. Riana grows up and one...",,Indonesia,N/A,N/A,N/A,N/A,4.6
tt9900746,Death and the Widow,2019,"Horror,Short",\N,0.0,0.0,,,1 win & 8 nominations,"In Victorian-era England, a recently bereaved young woman discovers a dark side to her desires when she falls in love with the undertaker caring for her dead husband and daughter.",,United Kingdom,N/A,N/A,N/A,N/A,N/A
tt9901506,A Father's Love,2019,"Horror,Reality-TV,Sci-Fi",21,0.0,0.0,,,,,,N/A,N/A,N/A,N/A,N/A,N/A
tt9901528,Haunted House,2019,"Horror,Reality-TV,Sci-Fi",\N,0.0,0.0,,,,,,N/A,N/A,N/A,N/A,N/A,N/A
tt9901540,Bloody Fetus,2019,"Horror,Reality-TV,Sci-Fi",19,0.0,0.0,,,,,,N/A,N/A,N/A,N/A,N/A,N/A
tt9901542,It Follows,2019,"Horror,Reality-TV,Sci-Fi",\N,0.0,0.0,,,,,,N/A,N/A,N/A,N/A,N/A,N/A
tt9901770,Among Us,2014,"Horror,Short",30,0.0,0.0,,,,,,United States,N/A,N/A,N/A,N/A,N/A
tt9901972,The Inside,2019,"Horror,Short,Thriller",27,6.6,22.0,,,3 wins,Based on the original pitch by Red Letter Media's Mike Stoklasa and Jay Bauman -- A mother and her son move into an old house with a dark and sinister secret. They experience random and strange occurrences and begin to wonder if i...,,United States,N/A,N/A,N/A,N/A,6.9
tt9903002,The Monster in the Cell,\N,"Horror,Thriller",\N,0.0,0.0,,,,,,N/A,N/A,N/A,N/A,N/A,N/A
tt9903336,Far From God,2019,"Action,Adventure,Horror",90,0.0,0.0,,,,"In the midst of a psychologically disturbed serial killer. Two couples struggle to reunite, but not without experiencing near life-threatening encounters.",,USA,N/A,N/A,N/A,N/A,N/A
tt9903348,My Girlfriend the Serial Killer,\N,Horror,\N,0.0,0.0,,,,"MY GIRLFRIEND THE SERIAL KILLER is a Original Slasher Movie. Directed by Samantha Marie, offering a unique twist, by being directed by a female and starring a female villain. We have an ...",,USA,N/A,N/A,N/A,N/A,N/A
tt9903480,The Death Car,2016,"Horror,Reality-TV",\N,0.0,0.0,,,,,,N/A,N/A,N/A,N/A,N/A,N/A
tt9903494,The Lansing Investigation,2016,"Horror,Reality-TV",\N,0.0,0.0,,,,,,N/A,N/A,N/A,N/A,N/A,N/A
tt9903708,The First Purge (2018) Kill Count,2019,"Comedy,Horror",24,8.0,33.0,,,,The kills in the movie The First Purge (2018) are broken down and analyzed.,,N/A,N/A,N/A,N/A,TV-MA,8.7
tt9903716,Jessie,2019,"Horror,Thriller",106,6.7,492.0,,,,"Set in an abandoned house, the film follows a team of professional ghost hunters trying to conduct a paranormal investigation to unveil the mystery of two sisters, Jessie and Amy, where Amy shows unusual mental and physical behavi...",,India,N/A,N/A,N/A,N/A,6.7
tt9903890,The Curse of EVE,2019,"Drama,Horror",107,5.4,25.0,,,3 wins & 5 nominations,"When a job opportunity opens up for newlywed Grant Himmel, he moves with his wife Christie out to the countryside in Courtland, Virginia. However, Christie finds life in her new house to be unsettling. The area has a history of vi...",,United States,N/A,N/A,N/A,N/A,5.4
tt9903952,BADMEN (with a good behavior),2018,"Comedy,Horror",87,6.6,13.0,,,,"Oldchurch City is hit by a brutal series of murders. Jack Mauser and John Ferinio, Special Agents of the World Police, become protagonists in a Kasperle theatre of terror.",,Germany,N/A,N/A,N/A,N/A,6.6
tt9903960,No Escape,2019,"Horror,Mystery,Thriller",\N,6.4,18.0,,,,,,N/A,N/A,N/A,N/A,N/A,5.5
tt9904270,Get Rid of It,\N,"Action,Comedy,Horror",\N,0.0,0.0,,,,,,N/A,N/A,N/A,N/A,N/A,N/A
tt9904306,Teatroteka: Trash Story. Twój dom twoim upiorem,2016,"Drama,Horror",56,0.0,0.0,,,,,,Poland,N/A,N/A,N/A,N/A,N/A
tt9904492,Dark Place,2017,"Horror,Short",\N,0.0,0.0,,,,"Jack, a trapped and lost soul, ventures out into the Void, on a journey of self-discovery; what he finds is a revelation that will change who he is, and what he believes.",,UK,N/A,N/A,N/A,N/A,N/A
tt9904530,Scream Returns - Fan Film Spin-Off,2018,"Horror,Thriller",48,5.7,83.0,,,,"Created by ultra-fans of the horror-comedy franchise, this is a brand new story of Ghostface terrorizing an unsuspecting group of friends.",,France,N/A,N/A,N/A,N/A,5.3
tt9904820,American Terror Story,2019,Horror,76,2.8,72.0,,,,"The ghost of a young asian girl who committed suicide a century ago is awakened by a group of college students, who fall victim to their own suicides under her spell.",,United States,N/A,N/A,N/A,N/A,2.9
tt9905264,Painted,2018,"Horror,Short",25,0.0,0.0,,,,"Meet Caleb, the infant son of a soon to be widow, and see an innocent child become an insatiable killer.",,United States,N/A,N/A,N/A,N/A,N/A
tt9905940,A Nightmare,2019,"Horror,Short",\N,0.0,0.0,,,,,,United Kingdom,N/A,N/A,N/A,N/A,N/A
tt9906124,Our House,2012,"Horror,Short",7,0.0,0.0,,,,,,UK,N/A,N/A,N/A,N/A,N/A
tt9906128,Leak (Penangkeb),2019,Horror,75,7.3,11.0,,,,"Yessy, Sandra, Kayun, Edy, and Yunda want to prove the weirdness that happened in an old villa. The oddity is felt when the villa guard says that there is one room that is not rented, because it is specifically for the family of t...",,Indonesia,N/A,N/A,N/A,N/A,7.8
tt9906778,"Danger, Dana, Doppelgänger!",2019,"Comedy,Horror",\N,0.0,0.0,,,,A motorcycle courier calls in the Demonologist when she finds herself confronted by a Doppelgänger during a delivery.,,N/A,N/A,N/A,N/A,N/A,N/A
tt9907782,The Cursed,2021,"Fantasy,Horror,Mystery",111,6.2,18198.0,"$4,588,389","$4,588,389",5 nominations,"A brutal land baron massacres a Gypsy clan claiming his land, unleashing a curse that brings monstrous consequences to his village.",,"United Kingdom, France, United States",62,N/A,N/A,R,6.2
tt9908416,Reflections of the Mirror,2019,Horror,\N,0.0,0.0,,,,,,N/A,N/A,N/A,N/A,N/A,N/A
tt9908440,Jr.,2019,"Horror,Short",22,0.0,0.0,,,,"In 1998, four students from the University of New Hampshire get into a car accident while driving back to school. It is only till after the accident, when things take a dark twisted turn.",,United States,N/A,N/A,N/A,N/A,N/A
tt9908610,Episode #1.3,\N,"Action,Horror,Sci-Fi",\N,0.0,0.0,,,,,,N/A,N/A,N/A,N/A,N/A,N/A
tt9908992,A Bucket of Blood (1959) Kill Count,2019,"Comedy,Horror",13,7.6,27.0,,,,The kills in the movie A Bucket of Blood (1959) are broken down and analyzed.,,N/A,N/A,N/A,N/A,TV-MA,8.5
tt9909044,Landmine Goes Click (2015),2019,"Comedy,Horror,Talk-Show",\N,0.0,0.0,,,,,,N/A,N/A,N/A,N/A,N/A,N/A
tt9909156,Buen Viaje,2018,"Horror,Sci-Fi,Thriller",\N,0.0,0.0,,,,,,N/A,N/A,N/A,N/A,N/A,N/A
tt9909186,Stucco,2019,"Horror,Short",18,5.7,551.0,,,6 wins & 8 nominations,"In Stucco (U.S.), an agoraphobic woman finds a suspicious hollow wall in her house.",,United States,N/A,N/A,N/A,N/A,5.7
tt9909206,Nadador,2018,"Horror,Sci-Fi,Thriller",\N,0.0,0.0,,,,"During his last swimming training, before the competition, Francisco will discover that he is not as alone as he believed.",,N/A,N/A,N/A,N/A,N/A,N/A
tt9909244,Vuelvo en 20',2018,"Horror,Sci-Fi,Thriller",\N,0.0,0.0,,,,"Another day in the office. The papers are stacked, the responsibilities become inescapable; when suddenly, an escape route into the unknown waits in the shadows, waiting to be explored. The supernatural threatens everyday work.",,N/A,N/A,N/A,N/A,N/A,N/A
tt9909264,Una Cena Extraña,2018,"Horror,Sci-Fi,Thriller",\N,0.0,0.0,,,,,,N/A,N/A,N/A,N/A,N/A,N/A
tt9909570,Oakwood,2018,Horror,\N,6.6,8.0,,,,,,N/A,N/A,N/A,N/A,N/A,N/A
tt9909602,The Desecrated,2018,"Horror,Short",8,6.7,21.0,,,27 wins & 13 nominations,A young morgue attendant encounters an unwelcome visitor.,,United States,N/A,N/A,N/A,N/A,6.8
tt9909688,Void,2013,"Horror,Short",\N,0.0,0.0,,,,"An Astronaut wakes up on a desert planet, known only as the Void; he has no memory of who he is, or how he got there, but his quest for answers is one of wonders.",,United Kingdom,N/A,N/A,N/A,N/A,N/A
tt9909706,Love Struck,2016,"Horror,Short",\N,0.0,0.0,,,,,,United Kingdom,N/A,N/A,N/A,N/A,N/A
tt9909830,The Cursed: Future Shock,2019,Horror,128,0.0,0.0,,,,,,N/A,N/A,N/A,N/A,N/A,N/A
tt9909874,Halloween: Resurrection - On the Set with Jamie Lee Curtis,2002,"Documentary,Horror,Short",4,5.8,7.0,,,,,,N/A,N/A,N/A,N/A,N/A,N/A
tt9909884,Voices in the Spirit Box,2018,Horror,\N,0.0,0.0,,,,"In an attempt to contact their dead parents, two siblings get in over their head in the paranormal.",,N/A,N/A,N/A,N/A,N/A,N/A
tt9909892,A Beautiful Person,2019,Horror,\N,0.0,0.0,,,,A shape-shifting monster takes over the body of a guy's roommate and starts driving him crazy.,,N/A,N/A,N/A,N/A,N/A,N/A
tt9909896,Shadow Lamps,2019,Horror,\N,0.0,0.0,,,,"A strange, living shadow appears on a photographer's studio lamps.",,N/A,N/A,N/A,N/A,N/A,N/A
tt9909916,Halloween: Resurrection - Tour of Set with Production Designer,2002,"Documentary,Horror,Short",7,0.0,0.0,,,,,,USA,N/A,N/A,N/A,N/A,N/A
tt9909954,Halloween: Resurrection - Head Cam Featurette,2002,"Documentary,Horror,Short",4,0.0,0.0,,,,,,USA,N/A,N/A,N/A,N/A,N/A
tt9909990,The Novella,2019,"Horror,Short",\N,0.0,0.0,,,,,,Australia,N/A,N/A,N/A,N/A,N/A
tt9910024,Halloween 4 and 5 Cast Panel at the H25 Convention,2003,"Documentary,History,Horror",19,6.8,8.0,,,,,,USA,N/A,N/A,N/A,N/A,N/A
tt9910050,The Slithery Dee,\N,"Horror,Short",\N,0.0,0.0,,,,,,N/A,N/A,N/A,N/A,N/A,N/A
tt9910160,Cautionary Tales,2019,"Animation,Comedy,Horror",8,6.3,19.0,,,,2D stop-motion animated short about an unusual class.,,USA,N/A,N/A,N/A,N/A,N/A
tt9910190,Of Hearts and Spades,2016,"Horror,Short",5,0.0,0.0,,,,A cheating husband gets a nasty surprise when his dead wife returns from the dead.,,Taiwan,N/A,N/A,N/A,N/A,N/A
tt9910530,Svartklubb,2020,Horror,79,6.1,37.0,,,,A strange illness spreads among the participants of an illegal rave.,,Sweden,N/A,N/A,N/A,N/A,6.8
tt9910674,Episode #1.25,2019,Horror,\N,0.0,0.0,,,,,,N/A,N/A,N/A,N/A,N/A,N/A
tt9910678,Episode #1.26,2019,Horror,\N,0.0,0.0,,,,,,N/A,N/A,N/A,N/A,N/A,N/A
tt9910964,Hellavator,\N,Horror,\N,0.0,0.0,,,,,,N/A,N/A,N/A,N/A,N/A,N/A
tt9911316,Hell of a Time,2018,"Comedy,Horror,Short",6,0.0,0.0,,,,,,USA,N/A,N/A,N/A,N/A,N/A
tt9911336,Hellavator,\N,Horror,\N,0.0,0.0,,,,,,N/A,N/A,N/A,N/A,N/A,N/A
tt9911404,Nekro Desire,\N,"Horror,Short",\N,0.0,0.0,,,,,,N/A,N/A,N/A,N/A,N/A,N/A
tt9911644,The Attic,2013,"Horror,Thriller",\N,0.0,0.0,,,,"Something died up there. As to what, I can not say but dead no longer.",,N/A,N/A,N/A,N/A,N/A,N/A
tt9911748,The Shower,2013,"Horror,Thriller",\N,0.0,0.0,,,,"In dank sewer dwelled, from whence epidemic quelled- Pestilence returns.",,N/A,N/A,N/A,N/A,N/A,N/A
tt9913090,Sweet Potatoes,2018,"Horror,Sci-Fi,Short",3,0.0,0.0,,,,"This is a surrealist/experimental project about the dream sequence of a young man who sets out to make hash browns in a undisclosed kitchen area. Tater turns to terror, as the man cuts into a plump potato, only to realize that he jus",,Canada,N/A,N/A,N/A,N/A,N/A
tt9914178,Audit10n,2019,"Horror,Short",14,0.0,0.0,,,1 win.,,,USA,N/A,N/A,N/A,N/A,N/A
tt9914432,A Haunting at the Malvern Manor,2019,"History,Horror,Thriller",50,0.0,0.0,,,,"Zach and Connor investigate the Malvern Manor in Malvern, Iowa. While blindfolded during their Ouija board session, they come into contact with Vapula, a notorious duke of hell.",,USA,N/A,N/A,N/A,Not Rated,N/A
tt9914520,inStruct,\N,"Drama,Horror,Mystery",\N,0.0,0.0,,,,,,N/A,N/A,N/A,N/A,N/A,N/A
tt9914808,The New Estate,\N,"Adventure,Horror",\N,0.0,0.0,,,,,,N/A,N/A,N/A,N/A,N/A,N/A
tt9915128,Carnival of Doom: Part 2,2019,"Animation,Family,Horror",11,0.0,0.0,,,,Tammy and her friends attempt to escape the Carnival of Doom.,,USA,N/A,N/A,N/A,Not Rated,N/A
tt9915150,Ansh Takes Care of Piya,2018,"Horror,Thriller",\N,0.0,0.0,,,,,,N/A,N/A,N/A,N/A,N/A,N/A
tt9915164,#WorstThing,\N,Horror,\N,0.0,0.0,,,,,,N/A,N/A,N/A,N/A,N/A,N/A
tt9915200,Thread,2019,"Horror,Short",2,0.0,0.0,,,,A man uncovers an old tape that houses an ancient evil.,,United States,N/A,N/A,N/A,N/A,N/A
tt9915514,Love You Most,\N,"Horror,Short",4,0.0,0.0,,,,,,N/A,N/A,N/A,N/A,N/A,N/A
tt9915862,Swipe Right for Murder,2019,"Comedy,Horror,Short",10,0.0,0.0,,,,A fictional crime writer inexperienced in the dating world finds a date who's interested in crime as much as she is; only it's not fictional crime he likes to dabble in.,,Canada,N/A,N/A,N/A,N/A,N/A
tt9916248,Mahiwaga,1996,"Action,Horror,Thriller",\N,0.0,0.0,,,,,,Philippines,N/A,N/A,N/A,N/A,N/A
